{
  "files": [
    {
      "filepath": "/home/sebastien/github/httpx/packages/plain-object/bench/comparative.bench.ts",
      "groups": [
        {
          "fullName": "bench/comparative.bench.ts > Compare calling isPlainObject with 100x mixed types values",
          "benchmarks": [
            {
              "id": "-524832507_0_0",
              "sampleCount": 760099,
              "name": "@httpx/plain-object: `isPlainObject(v)`",
              "rank": 1,
              "rme": 0.7143985491837295,
              "totalTime": 500.0001599999924,
              "min": 0.0005249999999250576,
              "max": 0.97400400000015,
              "hz": 1520197.5135368188,
              "period": 0.0006578092590570338,
              "mean": 0.0006578092590570338,
              "variance": 0.000004369574119782542,
              "sd": 0.0020903526304866704,
              "sem": 0.000002397642756683515,
              "df": 760098,
              "critical": 1.96,
              "moe": 0.00000469937980309969,
              "p75": 0.0006569999999328502,
              "p99": 0.0009289999999282372,
              "p995": 0.0010729999999057327,
              "p999": 0.002790000000004511
            },
            {
              "id": "-524832507_0_1",
              "sampleCount": 721156,
              "name": "(sindresorhus/)is-plain-obj: `isPlainObj(v)`",
              "rank": 2,
              "rme": 0.5144244220599135,
              "totalTime": 500.0001870001356,
              "min": 0.0005309999999099091,
              "max": 0.6263610000000881,
              "hz": 1442311.4605751226,
              "period": 0.0006933315218900426,
              "mean": 0.0006933315218900426,
              "variance": 0.0000023880429103610354,
              "sd": 0.0015453293857171796,
              "sem": 0.0000018197278951234972,
              "df": 721155,
              "critical": 1.96,
              "moe": 0.0000035666666744420543,
              "p75": 0.000683000000208267,
              "p99": 0.001312999999981912,
              "p995": 0.0014590000000680448,
              "p999": 0.009221999999908803
            },
            {
              "id": "-524832507_0_2",
              "sampleCount": 482954,
              "name": "@sindresorhus/is: `is.plainObject(v)`",
              "rank": 3,
              "rme": 2.528399072428483,
              "totalTime": 500.00448099978394,
              "min": 0.0008020000000215077,
              "max": 6.233384000000115,
              "hz": 965899.3436105,
              "period": 0.0010353045652376498,
              "mean": 0.0010353045652376498,
              "variance": 0.00008614322515456752,
              "sd": 0.009281337465827192,
              "sem": 0.000013355423991978815,
              "df": 482953,
              "critical": 1.96,
              "moe": 0.000026176631024278476,
              "p75": 0.0010259999999107094,
              "p99": 0.0013719999997192645,
              "p995": 0.00176499999997759,
              "p999": 0.00893999999971129
            },
            {
              "id": "-524832507_0_3",
              "sampleCount": 339940,
              "name": "(jonschlinkert/)is-plain-object: `isPlainObject(v)`",
              "rank": 4,
              "rme": 1.9617175715962065,
              "totalTime": 500.0002820001846,
              "min": 0.001152000000274711,
              "max": 3.744886999999835,
              "hz": 679879.6165476453,
              "period": 0.001470848626228701,
              "mean": 0.001470848626228701,
              "variance": 0.00007367142157288314,
              "sd": 0.008583205786469478,
              "sem": 0.000014721375485872365,
              "df": 339939,
              "critical": 1.96,
              "moe": 0.000028853895952309837,
              "p75": 0.0014460000002145534,
              "p99": 0.0022969999999986612,
              "p995": 0.003075000000080763,
              "p999": 0.013531000000057247
            },
            {
              "id": "-524832507_0_4",
              "sampleCount": 10858,
              "name": "lodash-es: `_.isPlainObject(v)`",
              "rank": 5,
              "rme": 2.232842940338853,
              "totalTime": 500.0023039999887,
              "min": 0.036789000000226224,
              "max": 4.573625999999422,
              "hz": 21715.899933133598,
              "period": 0.04604920832565746,
              "mean": 0.04604920832565746,
              "variance": 0.0029881223937905477,
              "sd": 0.054663721002055354,
              "sem": 0.00052459515162315,
              "df": 10857,
              "critical": 1.96,
              "moe": 0.001028206497181374,
              "p75": 0.044747999999344756,
              "p99": 0.10016799999993964,
              "p995": 0.1708969999999681,
              "p999": 0.47197700000015175
            }
          ]
        }
      ]
    }
  ]
}
