{
  "files": [
    {
      "filepath": "/home/sebastien/github/httpx/packages/plain-object/bench/comparative.bench.ts",
      "groups": [
        {
          "fullName": "bench/comparative.bench.ts > Compare calling isPlainObject with 100x mixed types values",
          "benchmarks": [
            {
              "id": "-524832507_0_0",
              "sampleCount": 325230,
              "median": 0.0015249999705702066,
              "name": "@httpx/plain-object: `isPlainObject(v)`",
              "rank": 1,
              "rme": 0.03381563284685531,
              "totalTime": 500.0008880139794,
              "min": 0.0014589999336749315,
              "max": 0.03133099991828203,
              "hz": 650458.8447669056,
              "period": 0.0015373762814438379,
              "mean": 0.0015373762814438379,
              "variance": 2.28809392715433e-8,
              "sd": 0.00015126446797428437,
              "sem": 2.6524159122841086e-7,
              "df": 325229,
              "critical": 1.96,
              "moe": 5.198735188076853e-7,
              "p75": 0.0015410000924021006,
              "p99": 0.0016140001825988293,
              "p995": 0.0016570000443607569,
              "p999": 0.0032389999832957983
            },
            {
              "id": "-524832507_0_1",
              "sampleCount": 306698,
              "median": 0.0016089999116957188,
              "name": "(sindresorhus/)is-plain-obj: `isPlainObj(v)`",
              "rank": 2,
              "rme": 0.04851223748836584,
              "totalTime": 500.0012789652683,
              "min": 0.0015269999857991934,
              "max": 0.04496300010941923,
              "hz": 613394.4309796541,
              "period": 0.0016302723818390347,
              "mean": 0.0016302723818390347,
              "variance": 4.9936920307431085e-8,
              "sd": 0.00022346570275420585,
              "sem": 4.035110252984647e-7,
              "df": 306697,
              "critical": 1.96,
              "moe": 7.908816095849908e-7,
              "p75": 0.0016389999072998762,
              "p99": 0.0022350000217556953,
              "p995": 0.002587999915704131,
              "p999": 0.003456000005826354
            },
            {
              "id": "-524832507_0_2",
              "sampleCount": 234660,
              "median": 0.0020600000862032175,
              "name": "@sindresorhus/is: `is.plainObject(v)`",
              "rank": 3,
              "rme": 0.0963688402296119,
              "totalTime": 500.001734981779,
              "min": 0.0019130001310259104,
              "max": 0.032675999915227294,
              "hz": 469318.37148235383,
              "period": 0.0021307497442332696,
              "mean": 0.0021307497442332696,
              "variance": 2.5755208996394285e-7,
              "sd": 0.0005074959014257582,
              "sem": 0.0000010476422534250121,
              "df": 234659,
              "critical": 1.96,
              "moe": 0.0000020533788167130238,
              "p75": 0.002112999791279435,
              "p99": 0.0041229999624192715,
              "p995": 0.005305999889969826,
              "p999": 0.009436999913305044
            },
            {
              "id": "-524832507_0_3",
              "sampleCount": 84294,
              "median": 0.0058910001534968615,
              "name": "estoolkit:  `isPlainObject(v)`",
              "rank": 5,
              "rme": 0.1885971106982001,
              "totalTime": 500.00576898641884,
              "min": 0.0056680000852793455,
              "max": 0.2364360000938177,
              "hz": 168586.05485867822,
              "period": 0.005931688720269756,
              "mean": 0.005931688720269756,
              "variance": 0.0000027460680480048954,
              "sd": 0.0016571264429743723,
              "sem": 0.000005707649766346837,
              "df": 84293,
              "critical": 1.96,
              "moe": 0.0000111869935420398,
              "p75": 0.005913000088185072,
              "p99": 0.006960999919101596,
              "p995": 0.007880000164732337,
              "p999": 0.009548000060021877
            },
            {
              "id": "-524832507_0_4",
              "sampleCount": 203499,
              "median": 0.0024240000639110804,
              "name": "(jonschlinkert/)is-plain-object: `isPlainObject(v)`",
              "rank": 4,
              "rme": 0.2116630847542545,
              "totalTime": 500.0013689354528,
              "min": 0.0023560000117868185,
              "max": 0.2593960000667721,
              "hz": 406996.885695068,
              "period": 0.0024570212577725336,
              "mean": 0.0024570212577725336,
              "variance": 0.000001432709719002387,
              "sd": 0.001196958528522349,
              "sem": 0.0000026533709118720034,
              "df": 203498,
              "critical": 1.96,
              "moe": 0.000005200606987269127,
              "p75": 0.0024449999909847975,
              "p99": 0.002856000093743205,
              "p995": 0.0037060000468045473,
              "p999": 0.004717000061646104
            },
            {
              "id": "-524832507_0_5",
              "sampleCount": 5830,
              "median": 0.0826409999281168,
              "name": "lodash-es: `_.isPlainObject(v)`",
              "rank": 6,
              "rme": 0.5984461730050293,
              "totalTime": 500.06531999260187,
              "min": 0.08138300012797117,
              "max": 0.42817099997773767,
              "hz": 11658.476936745486,
              "period": 0.08577449742583222,
              "mean": 0.08577449742583222,
              "variance": 0.00039987381340554683,
              "sd": 0.01999684508630166,
              "sem": 0.00026189499860162775,
              "df": 5829,
              "critical": 1.96,
              "moe": 0.0005133141972591904,
              "p75": 0.0830139999743551,
              "p99": 0.18489599996246397,
              "p995": 0.24729599989950657,
              "p999": 0.3735599999781698
            }
          ]
        }
      ]
    }
  ]
}
