{
  "files": [
    {
      "filepath": "/home/sebastien/github/httpx/packages/plain-object/bench/comparative.bench.ts",
      "groups": [
        {
          "fullName": "bench/comparative.bench.ts > Compare calling isPlainObject with 100x mixed types values",
          "benchmarks": [
            {
              "id": "-524832507_0_0",
              "sampleCount": 326610,
              "median": 0.0012930000000324071,
              "name": "@httpx/plain-object: `isPlainObject(v)`",
              "rank": 1,
              "rme": 3.242207113587791,
              "totalTime": 500.00123900003587,
              "min": 0.0012269999999716674,
              "max": 4.513697000000093,
              "hz": 653218.3813248042,
              "period": 0.0015308815988488897,
              "mean": 0.0015308815988488897,
              "variance": 0.00020945081245290811,
              "sd": 0.014472415570764547,
              "sem": 0.000025323649029839395,
              "df": 326609,
              "critical": 1.96,
              "moe": 0.000049634352098485214,
              "p75": 0.0013359999998101557,
              "p99": 0.002696999999898253,
              "p995": 0.0028159999999388674,
              "p999": 0.006408000000078573
            },
            {
              "id": "-524832507_0_1",
              "sampleCount": 285347,
              "median": 0.0013119999998707499,
              "name": "(sindresorhus/)is-plain-obj: `isPlainObj(v)`",
              "rank": 2,
              "rme": 4.9851742204140495,
              "totalTime": 500.0006570000344,
              "min": 0.0012369999999464198,
              "max": 7.594943999999941,
              "hz": 570693.2501090302,
              "period": 0.0017522548230751835,
              "mean": 0.0017522548230751835,
              "variance": 0.0005667824280496714,
              "sd": 0.0238071927796973,
              "sem": 0.00004456783454893156,
              "df": 285346,
              "critical": 1.96,
              "moe": 0.00008735295571590586,
              "p75": 0.0017440000001442968,
              "p99": 0.0028190000002723536,
              "p995": 0.0030260000000907894,
              "p999": 0.012255999999979394
            },
            {
              "id": "-524832507_0_2",
              "sampleCount": 204826,
              "median": 0.002003000000058819,
              "name": "@sindresorhus/is: `is.plainObject(v)`",
              "rank": 3,
              "rme": 1.4317169231355966,
              "totalTime": 500.00306499983617,
              "min": 0.0018939999999929569,
              "max": 2.674351999999999,
              "hz": 409649.4888487676,
              "period": 0.002441111309110348,
              "mean": 0.002441111309110348,
              "variance": 0.00006512720245185961,
              "sd": 0.008070142653749042,
              "sem": 0.0000178315325128111,
              "df": 204825,
              "critical": 1.96,
              "moe": 0.00003494980372510976,
              "p75": 0.0020939999999427528,
              "p99": 0.004405000000133441,
              "p995": 0.004720999999790365,
              "p999": 0.01518999999962034
            },
            {
              "id": "-524832507_0_3",
              "sampleCount": 70652,
              "median": 0.005004999999982829,
              "name": "estoolkit:  `isPlainObject(v)`",
              "rank": 5,
              "rme": 5.661432858244414,
              "totalTime": 500.00307600006954,
              "min": 0.00463099999979022,
              "max": 11.07896299999993,
              "hz": 141303.13070312026,
              "period": 0.007076984034423223,
              "mean": 0.007076984034423223,
              "variance": 0.002952306696263428,
              "sd": 0.054335133166887775,
              "sem": 0.00020441770382527934,
              "df": 70651,
              "critical": 1.96,
              "moe": 0.0004006586994975475,
              "p75": 0.007720999999946798,
              "p99": 0.0128300000001218,
              "p995": 0.03708099999994374,
              "p999": 0.1358789999999317
            },
            {
              "id": "-524832507_0_4",
              "sampleCount": 141817,
              "median": 0.0026550000002316665,
              "name": "(jonschlinkert/)is-plain-object: `isPlainObject(v)`",
              "rank": 4,
              "rme": 2.670428015205987,
              "totalTime": 500.00033800014717,
              "min": 0.0024439999997412087,
              "max": 5.382835000000341,
              "hz": 283633.8082634621,
              "period": 0.0035256727895819767,
              "mean": 0.0035256727895819767,
              "variance": 0.000327236628926171,
              "sd": 0.018089682941560114,
              "sem": 0.00004803599688647527,
              "df": 141816,
              "critical": 1.96,
              "moe": 0.00009415055389749152,
              "p75": 0.0037750000001324224,
              "p99": 0.00602699999944889,
              "p995": 0.020258999999896332,
              "p999": 0.07345099999929516
            },
            {
              "id": "-524832507_0_5",
              "sampleCount": 4835,
              "median": 0.07718300000033196,
              "name": "lodash-es: `_.isPlainObject(v)`",
              "rank": 6,
              "rme": 2.329907067420518,
              "totalTime": 500.0213759999897,
              "min": 0.07462699999996403,
              "max": 1.8154540000005,
              "hz": 9669.586605833627,
              "period": 0.10341703743536498,
              "mean": 0.10341703743536498,
              "variance": 0.007307111227643542,
              "sd": 0.08548164263538424,
              "sem": 0.0012293473796548427,
              "df": 4834,
              "critical": 1.96,
              "moe": 0.0024095208641234916,
              "p75": 0.11220099999991362,
              "p99": 0.5348549999998795,
              "p995": 0.7572079999999914,
              "p999": 0.9481510000005073
            }
          ]
        }
      ]
    }
  ]
}
