{
  "files": [
    {
      "filepath": "/home/sebastien/github/httpx/packages/plain-object/bench/comparative.bench.ts",
      "groups": [
        {
          "fullName": "bench/comparative.bench.ts > Compare calling isPlainObject with 100x mixed types values",
          "benchmarks": [
            {
              "id": "-524832507_0_0",
              "sampleCount": 351529,
              "median": 0.0011690000000044165,
              "name": "@httpx/plain-object: `isPlainObject(v)`",
              "rank": 1,
              "rme": 1.7560296534270992,
              "totalTime": 500.0001079999997,
              "min": 0.0010899999999764987,
              "max": 2.711182000000008,
              "hz": 703057.8481395051,
              "period": 0.0014223580643417748,
              "mean": 0.0014223580643417748,
              "variance": 0.00005708612782858984,
              "sd": 0.007555536236997996,
              "sem": 0.000012743382340690443,
              "df": 351528,
              "critical": 1.96,
              "moe": 0.000024977029387753266,
              "p75": 0.0012240000000929285,
              "p99": 0.0027760000000398577,
              "p995": 0.0029749999999921783,
              "p999": 0.01713099999994938
            },
            {
              "id": "-524832507_0_1",
              "sampleCount": 338766,
              "median": 0.0011779999999816937,
              "name": "(sindresorhus/)is-plain-obj: `isPlainObj(v)`",
              "rank": 2,
              "rme": 1.8421089263126498,
              "totalTime": 500.000567999816,
              "min": 0.0011030000000573636,
              "max": 2.540593999999828,
              "hz": 677531.2303247717,
              "period": 0.001475946724287018,
              "mean": 0.001475946724287018,
              "variance": 0.00006518679824945938,
              "sd": 0.008073834172774382,
              "sem": 0.000013871707324341996,
              "df": 338765,
              "critical": 1.96,
              "moe": 0.000027188546355710312,
              "p75": 0.0012690000000930013,
              "p99": 0.0028489999999692373,
              "p995": 0.0030310000001918525,
              "p999": 0.012854000000061205
            },
            {
              "id": "-524832507_0_2",
              "sampleCount": 233653,
              "median": 0.0018039999999928114,
              "name": "@sindresorhus/is: `is.plainObject(v)`",
              "rank": 3,
              "rme": 2.48052517540991,
              "totalTime": 500.0013020000947,
              "min": 0.001675999999861233,
              "max": 6.133797999999842,
              "hz": 467304.78313825617,
              "period": 0.0021399310173637605,
              "mean": 0.0021399310173637605,
              "variance": 0.0001713744383651927,
              "sd": 0.013091006010432992,
              "sem": 0.00002708241205209872,
              "df": 233652,
              "critical": 1.96,
              "moe": 0.00005308152762211349,
              "p75": 0.0018570000002000597,
              "p99": 0.0040860000003704045,
              "p995": 0.00590299999976196,
              "p999": 0.013484999999946012
            },
            {
              "id": "-524832507_0_3",
              "sampleCount": 98748,
              "median": 0.0045150000000830914,
              "name": "estoolkit:  `isPlainObject(v)`",
              "rank": 5,
              "rme": 1.7064318574311712,
              "totalTime": 500.0006340001255,
              "min": 0.004200999999738997,
              "max": 3.8288219999999455,
              "hz": 197495.74957533999,
              "period": 0.005063400109370574,
              "mean": 0.005063400109370574,
              "variance": 0.00019190158408384245,
              "sd": 0.013852854726872813,
              "sem": 0.0000440834043548491,
              "df": 98747,
              "critical": 1.96,
              "moe": 0.00008640347253550423,
              "p75": 0.00466599999981554,
              "p99": 0.009376999999858526,
              "p995": 0.011049000000184606,
              "p999": 0.03832299999976385
            },
            {
              "id": "-524832507_0_4",
              "sampleCount": 171089,
              "median": 0.0025789999999688007,
              "name": "(jonschlinkert/)is-plain-object: `isPlainObject(v)`",
              "rank": 4,
              "rme": 2.409178787336229,
              "totalTime": 500.00034200022037,
              "min": 0.0024140000004990725,
              "max": 5.363381000000118,
              "hz": 342177.7659502573,
              "period": 0.002922457563024042,
              "mean": 0.002922457563024042,
              "variance": 0.00022077222435686747,
              "sd": 0.01485840584843702,
              "sem": 0.000035922054937387,
              "df": 171088,
              "critical": 1.96,
              "moe": 0.00007040722767727853,
              "p75": 0.0026539999998931307,
              "p99": 0.004955999999765481,
              "p995": 0.005372999999963213,
              "p999": 0.021185999999943306
            },
            {
              "id": "-524832507_0_5",
              "sampleCount": 5387,
              "median": 0.07682399999976042,
              "name": "lodash-es: `_.isPlainObject(v)`",
              "rank": 6,
              "rme": 1.0996921743892614,
              "totalTime": 500.0514020000119,
              "min": 0.07492199999978766,
              "max": 0.8672660000001997,
              "hz": 10772.892503558807,
              "period": 0.09282558047150768,
              "mean": 0.09282558047150768,
              "variance": 0.0014612093729445815,
              "sd": 0.038225768441518364,
              "sem": 0.000520814104222743,
              "df": 5386,
              "critical": 1.96,
              "moe": 0.0010207956442765764,
              "p75": 0.09747499999957654,
              "p99": 0.22700800000075105,
              "p995": 0.3157310000005964,
              "p999": 0.49169700000038574
            }
          ]
        }
      ]
    }
  ]
}
