{
  "files": [
    {
      "filepath": "/home/sebastien/github/httpx/packages/plain-object/bench/comparative.bench.ts",
      "groups": [
        {
          "fullName": "bench/comparative.bench.ts > Compare calling isPlainObject with 100x mixed types values",
          "benchmarks": [
            {
              "id": "-524832507_0_0",
              "sampleCount": 769372,
              "median": 0.0006209999999100546,
              "name": "@httpx/plain-object: `isPlainObject(v)`",
              "rank": 1,
              "rme": 1.2575200023064854,
              "totalTime": 500.0000259999356,
              "min": 0.0005249999999250576,
              "max": 1.765455999999972,
              "hz": 1538743.9199855144,
              "period": 0.0006498807157005136,
              "mean": 0.0006498807157005136,
              "variance": 0.00001337584839599975,
              "sd": 0.0036573006980558423,
              "sem": 0.0000041695816280951545,
              "df": 769371,
              "critical": 1.96,
              "moe": 0.000008172379991066503,
              "p75": 0.0006409999999732463,
              "p99": 0.0012649999999894135,
              "p995": 0.0012810000000627042,
              "p999": 0.0017629999999826396
            },
            {
              "id": "-524832507_0_1",
              "sampleCount": 724660,
              "median": 0.0006450000000768341,
              "name": "(sindresorhus/)is-plain-obj: `isPlainObj(v)`",
              "rank": 2,
              "rme": 3.00208955983968,
              "totalTime": 500.00003799989054,
              "min": 0.0005329999999048596,
              "max": 5.813782000000174,
              "hz": 1449319.8898520058,
              "period": 0.0006899788010927753,
              "mean": 0.0006899788010927753,
              "variance": 0.00008093584973737258,
              "sd": 0.00899643539060736,
              "sem": 0.000010568255894241428,
              "df": 724659,
              "critical": 1.96,
              "moe": 0.0000207137815527132,
              "p75": 0.0006629999998040148,
              "p99": 0.0013369999999213178,
              "p995": 0.00148799999988114,
              "p999": 0.001891000000114218
            },
            {
              "id": "-524832507_0_2",
              "sampleCount": 501419,
              "median": 0.0009489999997640552,
              "name": "@sindresorhus/is: `is.plainObject(v)`",
              "rank": 3,
              "rme": 4.463583323356569,
              "totalTime": 500.0001300001718,
              "min": 0.0008049999996728729,
              "max": 10.201508000000103,
              "hz": 1002837.7392618433,
              "period": 0.0009971702907152935,
              "mean": 0.0009971702907152935,
              "variance": 0.00025857980166850046,
              "sd": 0.01608041671314834,
              "sem": 0.000022708942245833705,
              "df": 501418,
              "critical": 1.96,
              "moe": 0.00004450952680183406,
              "p75": 0.0009789999999156862,
              "p99": 0.0013189999999667634,
              "p995": 0.001772999999957392,
              "p999": 0.0025960000002669403
            },
            {
              "id": "-524832507_0_3",
              "sampleCount": 342284,
              "median": 0.001408999999966909,
              "name": "(jonschlinkert/)is-plain-object: `isPlainObject(v)`",
              "rank": 4,
              "rme": 1.0384841456440808,
              "totalTime": 500.0006999999732,
              "min": 0.0011880000001838198,
              "max": 1.6274080000002868,
              "hz": 684567.0416061784,
              "period": 0.0014607773077326817,
              "mean": 0.0014607773077326817,
              "variance": 0.000020504171449672875,
              "sd": 0.004528153205190045,
              "sem": 0.000007739765685699155,
              "df": 342283,
              "critical": 1.96,
              "moe": 0.000015169940743970343,
              "p75": 0.0014560000004166795,
              "p99": 0.0017339999999421707,
              "p995": 0.0021639999999933934,
              "p999": 0.007609000000229571
            },
            {
              "id": "-524832507_0_4",
              "sampleCount": 11470,
              "median": 0.041971000000330605,
              "name": "lodash-es: `_.isPlainObject(v)`",
              "rank": 5,
              "rme": 1.320843878998035,
              "totalTime": 500.00622600001,
              "min": 0.036098000000038155,
              "max": 2.475883000000067,
              "hz": 22939.714354676395,
              "period": 0.04359252188317437,
              "mean": 0.04359252188317437,
              "variance": 0.0009898701760978367,
              "sd": 0.031462202340234176,
              "sem": 0.00029376997805856506,
              "df": 11469,
              "critical": 1.96,
              "moe": 0.0005757891569947876,
              "p75": 0.04290899999978137,
              "p99": 0.08602700000028562,
              "p995": 0.09922099999948841,
              "p999": 0.3201640000002044
            }
          ]
        }
      ]
    }
  ]
}
