{
  "files": [
    {
      "filepath": "/home/sebastien/github/httpx/packages/plain-object/bench/comparative.bench.ts",
      "groups": [
        {
          "fullName": "bench/comparative.bench.ts > Compare calling isPlainObject with 100x mixed types values",
          "benchmarks": [
            {
              "id": "-524832507_0_0",
              "sampleCount": 794774,
              "name": "@httpx/plain-object: `isPlainObject(v)`",
              "rank": 1,
              "rme": 1.1537813774447718,
              "totalTime": 500.0004740000362,
              "min": 0.0005279999998037965,
              "max": 1.6911249999999427,
              "hz": 1589546.4931098092,
              "period": 0.0006291102552424164,
              "mean": 0.0006291102552424164,
              "variance": 0.000010900140301920681,
              "sd": 0.003301536051888678,
              "sem": 0.0000037033453921338122,
              "df": 794773,
              "critical": 1.96,
              "moe": 0.000007258556968582272,
              "p75": 0.000619000000028791,
              "p99": 0.0014019999999845822,
              "p995": 0.0016879999999446227,
              "p999": 0.0020430000000715154
            },
            {
              "id": "-524832507_0_1",
              "sampleCount": 753803,
              "name": "(sindresorhus/)is-plain-obj: `isPlainObj(v)`",
              "rank": 2,
              "rme": 4.902769852875327,
              "totalTime": 500.0002950000837,
              "min": 0.0005320000000210712,
              "max": 10.760194000000183,
              "hz": 1507605.1105127323,
              "period": 0.0006633036681998927,
              "mean": 0.0006633036681998927,
              "variance": 0.00020751692854975654,
              "sd": 0.014405447877444024,
              "sem": 0.000016591965447714556,
              "df": 753802,
              "critical": 1.96,
              "moe": 0.00003252025227752053,
              "p75": 0.000634999999874708,
              "p99": 0.0009999999999763531,
              "p995": 0.0012859999999363936,
              "p999": 0.0017960000000130094
            },
            {
              "id": "-524832507_0_2",
              "sampleCount": 508574,
              "name": "@sindresorhus/is: `is.plainObject(v)`",
              "rank": 3,
              "rme": 2.222206636624078,
              "totalTime": 500.00090100000034,
              "min": 0.0008070000003499445,
              "max": 5.030837999999676,
              "hz": 1017146.1671026063,
              "period": 0.0009831428680978586,
              "mean": 0.0009831428680978586,
              "variance": 0.00006318938926952522,
              "sd": 0.007949175382989435,
              "sem": 0.000011146666358350468,
              "df": 508573,
              "critical": 1.96,
              "moe": 0.000021847466062366918,
              "p75": 0.0009690000001683075,
              "p99": 0.0014519999999720312,
              "p995": 0.0017390000002706074,
              "p999": 0.008108999999876687
            },
            {
              "id": "-524832507_0_3",
              "sampleCount": 343672,
              "name": "(jonschlinkert/)is-plain-object: `isPlainObject(v)`",
              "rank": 4,
              "rme": 4.473511784159453,
              "totalTime": 500.00117199997294,
              "min": 0.0012120000001232256,
              "max": 10.644729999999981,
              "hz": 687342.3888694777,
              "period": 0.001454878989268759,
              "mean": 0.001454878989268759,
              "variance": 0.00037895088272458903,
              "sd": 0.019466660800573608,
              "sem": 0.00003320621583173361,
              "df": 343671,
              "critical": 1.96,
              "moe": 0.00006508418303019788,
              "p75": 0.001374999999825377,
              "p99": 0.002911000000040076,
              "p995": 0.0031269999999494758,
              "p999": 0.006649999999808642
            },
            {
              "id": "-524832507_0_4",
              "sampleCount": 11990,
              "name": "lodash-es: `_.isPlainObject(v)`",
              "rank": 5,
              "rme": 2.5042128992217125,
              "totalTime": 500.03350300001557,
              "min": 0.036428000000341854,
              "max": 5.938565000000381,
              "hz": 23978.39330377754,
              "period": 0.04170421209341248,
              "mean": 0.04170421209341248,
              "variance": 0.003404155405311003,
              "sd": 0.058345140374421955,
              "sem": 0.0005328378871234778,
              "df": 11989,
              "critical": 1.96,
              "moe": 0.0010443622587620167,
              "p75": 0.0407230000000709,
              "p99": 0.0875209999994695,
              "p995": 0.1095789999999397,
              "p999": 0.3676679999998669
            }
          ]
        }
      ]
    }
  ]
}
