{
  "files": [
    {
      "filepath": "/home/sebastien/github/httpx/packages/plain-object/bench/comparative.bench.ts",
      "groups": [
        {
          "fullName": "bench/comparative.bench.ts > Compare calling isPlainObject with 100x mixed types values",
          "benchmarks": [
            {
              "id": "-524832507_0_0",
              "sampleCount": 747024,
              "median": 0.0006340000002182933,
              "name": "@httpx/plain-object: `isPlainObject(v)`",
              "rank": 1,
              "rme": 3.404463164250165,
              "totalTime": 500.00014500009286,
              "min": 0.0005250000000387445,
              "max": 8.374773000000005,
              "hz": 1494047.5667259283,
              "period": 0.0006693227326030929,
              "mean": 0.0006693227326030929,
              "variance": 0.00010096964797232219,
              "sd": 0.010048365437837251,
              "sem": 0.000011625941776237207,
              "df": 747023,
              "critical": 1.96,
              "moe": 0.000022786845881424924,
              "p75": 0.0006609999999227512,
              "p99": 0.0008350000000518776,
              "p995": 0.0009109999999736829,
              "p999": 0.004742999999962194
            },
            {
              "id": "-524832507_0_1",
              "sampleCount": 657467,
              "median": 0.0006700000003547757,
              "name": "(sindresorhus/)is-plain-obj: `isPlainObj(v)`",
              "rank": 2,
              "rme": 6.826177735765373,
              "totalTime": 500.00031899983765,
              "min": 0.0005360000000109721,
              "max": 11.785359999999855,
              "hz": 1314933.16107307,
              "period": 0.0007604949282623123,
              "mean": 0.0007604949282623123,
              "variance": 0.0004612216071232812,
              "sd": 0.021476070569898982,
              "sem": 0.000026486089527891225,
              "df": 657466,
              "critical": 1.96,
              "moe": 0.0000519127354746668,
              "p75": 0.0007020000002739835,
              "p99": 0.0014240000000427244,
              "p995": 0.0014640000001691078,
              "p999": 0.0021809999998367857
            },
            {
              "id": "-524832507_0_2",
              "sampleCount": 467222,
              "median": 0.001033000000006723,
              "name": "@sindresorhus/is: `is.plainObject(v)`",
              "rank": 3,
              "rme": 1.377889039418359,
              "totalTime": 500.00086999989617,
              "min": 0.0008790000001681619,
              "max": 2.126811000000089,
              "hz": 934442.3740704632,
              "period": 0.0010701569489448188,
              "mean": 0.0010701569489448188,
              "variance": 0.000026444452759691053,
              "sd": 0.00514241701534318,
              "sem": 0.000007523252706165604,
              "df": 467221,
              "critical": 1.96,
              "moe": 0.000014745575304084584,
              "p75": 0.0010629999997036066,
              "p99": 0.001491999999871041,
              "p995": 0.001750999999785563,
              "p999": 0.006530999999995402
            },
            {
              "id": "-524832507_0_3",
              "sampleCount": 189202,
              "median": 0.002484999999978754,
              "name": "estoolkit:  `isPlainObject(v)`",
              "rank": 5,
              "rme": 4.227179047637796,
              "totalTime": 500.00011099994254,
              "min": 0.0020269999999982247,
              "max": 10.33946399999968,
              "hz": 378403.91599437414,
              "period": 0.002642678782464998,
              "mean": 0.002642678782464998,
              "variance": 0.0006146156613343804,
              "sd": 0.02479144330881888,
              "sem": 0.000056995287647311236,
              "df": 189201,
              "critical": 1.96,
              "moe": 0.00011171076378873002,
              "p75": 0.0025989999999183055,
              "p99": 0.0035229999998591666,
              "p995": 0.005534000000352535,
              "p999": 0.015491000000110944
            },
            {
              "id": "-524832507_0_4",
              "sampleCount": 314694,
              "median": 0.0014330000003610621,
              "name": "(jonschlinkert/)is-plain-object: `isPlainObject(v)`",
              "rank": 4,
              "rme": 6.812256937317156,
              "totalTime": 500.00000700016835,
              "min": 0.001156999999693653,
              "max": 13.217023000000154,
              "hz": 629387.9911883562,
              "period": 0.0015888450590102396,
              "mean": 0.0015888450590102396,
              "variance": 0.0009596689757851002,
              "sd": 0.030978524428789376,
              "sem": 0.00005522255497737036,
              "df": 314693,
              "critical": 1.96,
              "moe": 0.00010823620775564591,
              "p75": 0.0014869999995426042,
              "p99": 0.0022620000008828356,
              "p995": 0.0030319999996208935,
              "p999": 0.012869999999566062
            },
            {
              "id": "-524832507_0_5",
              "sampleCount": 10583,
              "median": 0.04340200000024197,
              "name": "lodash-es: `_.isPlainObject(v)`",
              "rank": 6,
              "rme": 5.034348417962313,
              "totalTime": 500.02857399994355,
              "min": 0.03614899999956833,
              "max": 11.257701999999881,
              "hz": 21164.79047455635,
              "period": 0.047248282528578246,
              "mean": 0.047248282528578246,
              "variance": 0.015586738328011001,
              "sd": 0.12484685950399795,
              "sem": 0.0012135934510162465,
              "df": 10582,
              "critical": 1.96,
              "moe": 0.0023786431639918433,
              "p75": 0.04463500000019849,
              "p99": 0.10572799999954441,
              "p995": 0.1677769999996599,
              "p999": 0.5020290000002205
            }
          ]
        }
      ]
    }
  ]
}
