{
  "files": [
    {
      "filepath": "/home/sebastien/github/httpx/bench/assert/src/main.bench.ts",
      "groups": [
        {
          "fullName": "src/main.bench.ts > isPlainObject",
          "benchmarks": [
            {
              "id": "1895279271_0_0",
              "sampleCount": 373935,
              "name": "@httpx/assert:    `isPlainObject(v)`",
              "rank": 1,
              "rme": 0.06657660134393184,
              "totalTime": 500.0001941807568,
              "min": 0.001223001629114151,
              "max": 0.06261100247502327,
              "hz": 747869.7095561876,
              "period": 0.001337131304052193,
              "mean": 0.001337131304052193,
              "variance": 7.713923524502452e-8,
              "sd": 0.0002777395096939298,
              "sem": 4.5419213150191103e-7,
              "df": 373934,
              "critical": 1.96,
              "moe": 8.902165777437456e-7,
              "p75": 0.0013670027256011963,
              "p99": 0.001488998532295227,
              "p995": 0.0015030018985271454,
              "p999": 0.0023030005395412445
            },
            {
              "id": "1895279271_0_1",
              "sampleCount": 248952,
              "name": "@sindresorhus/is: `is.plainObject(v)`",
              "rank": 3,
              "rme": 0.08505274772866878,
              "totalTime": 500.00039814040065,
              "min": 0.0016979984939098358,
              "max": 0.03696399927139282,
              "hz": 497903.6035289196,
              "period": 0.0020084208929448274,
              "mean": 0.0020084208929448274,
              "variance": 1.8909917544128012e-7,
              "sd": 0.0004348553500203029,
              "sem": 8.71539365003184e-7,
              "df": 248951,
              "critical": 1.96,
              "moe": 0.0000017082171554062407,
              "p75": 0.002039000391960144,
              "p99": 0.003369998186826706,
              "p995": 0.0036239996552467346,
              "p999": 0.004774998873472214
            },
            {
              "id": "1895279271_0_2",
              "sampleCount": 338886,
              "name": "is-plain-obj: `isPlainObj(v)`",
              "rank": 2,
              "rme": 0.08329843079565112,
              "totalTime": 500.00060537829995,
              "min": 0.0013159997761249542,
              "max": 0.03751800209283829,
              "hz": 677771.1793840714,
              "period": 0.0014754241998143917,
              "mean": 0.0014754241998143917,
              "variance": 1.3324438912404507e-7,
              "sd": 0.00036502655947758797,
              "sem": 6.270434724615717e-7,
              "df": 338885,
              "critical": 1.96,
              "moe": 0.0000012290052060246805,
              "p75": 0.0014960020780563354,
              "p99": 0.002286002039909363,
              "p995": 0.002512998878955841,
              "p999": 0.002768002450466156
            },
            {
              "id": "1895279271_0_4",
              "sampleCount": 6240,
              "name": "lodash-es: `_.isPlainObject(v)`",
              "rank": 4,
              "rme": 0.2717126443572438,
              "totalTime": 500.0189219713211,
              "min": 0.07618800178170204,
              "max": 0.3552219979465008,
              "hz": 12479.527725468557,
              "period": 0.08013123749540402,
              "mean": 0.08013123749540402,
              "variance": 0.00007700090769601701,
              "sd": 0.008775016108020372,
              "sem": 0.00011108505324231915,
              "df": 6239,
              "critical": 1.96,
              "moe": 0.00021772670435494553,
              "p75": 0.08181800320744514,
              "p99": 0.1045520007610321,
              "p995": 0.12920499965548515,
              "p999": 0.21928899735212326
            }
          ]
        }
      ]
    }
  ]
}
