{
  "files": [
    {
      "filepath": "/home/sebastien/github/httpx/bench/assert/src/main.bench.ts",
      "groups": [
        {
          "fullName": "src/main.bench.ts > isPlainObject",
          "benchmarks": [
            {
              "id": "1895279271_0_0",
              "sampleCount": 351597,
              "name": "@httpx/assert:    `isPlainObject(v)`",
              "rank": 1,
              "rme": 0.041483146163102426,
              "totalTime": 500.0013865120709,
              "min": 0.00137300044298172,
              "max": 0.044540997594594955,
              "hz": 703192.050031469,
              "period": 0.0014220866119792571,
              "mean": 0.0014220866119792571,
              "variance": 3.185139714518867e-8,
              "sd": 0.00017846959725731628,
              "sem": 3.0098278970064616e-7,
              "df": 351596,
              "critical": 1.96,
              "moe": 5.899262678132665e-7,
              "p75": 0.0014100000262260437,
              "p99": 0.002376001328229904,
              "p995": 0.002542998641729355,
              "p999": 0.0026690028607845306
            },
            {
              "id": "1895279271_0_1",
              "sampleCount": 253654,
              "name": "@sindresorhus/is: `is.plainObject(v)`",
              "rank": 3,
              "rme": 0.059455874056027265,
              "totalTime": 500.0017051026225,
              "min": 0.0018820017576217651,
              "max": 0.13113800063729286,
              "hz": 507306.26998149726,
              "period": 0.0019711958222721603,
              "mean": 0.0019711958222721603,
              "variance": 9.069401924380675e-8,
              "sd": 0.00030115447737632384,
              "sem": 5.979549517794933e-7,
              "df": 253653,
              "critical": 1.96,
              "moe": 0.0000011719917054878067,
              "p75": 0.0019720010459423065,
              "p99": 0.0021730028092861176,
              "p995": 0.0027900002896785736,
              "p999": 0.0036289989948272705
            },
            {
              "id": "1895279271_0_2",
              "sampleCount": 341331,
              "name": "is-plain-obj: `isPlainObj(v)`",
              "rank": 2,
              "rme": 0.02483356376002929,
              "totalTime": 500.0007661022246,
              "min": 0.0014320015907287598,
              "max": 0.03036399930715561,
              "hz": 682660.954023849,
              "period": 0.001464856008104229,
              "mean": 0.001464856008104229,
              "variance": 1.1757948653429083e-8,
              "sd": 0.00010843407514904658,
              "sem": 1.855999748801957e-7,
              "df": 341330,
              "critical": 1.96,
              "moe": 3.6377595076518354e-7,
              "p75": 0.0014679990708827972,
              "p99": 0.0014929994940757751,
              "p995": 0.0015009976923465729,
              "p999": 0.0023039989173412323
            },
            {
              "id": "1895279271_0_3",
              "sampleCount": 6027,
              "name": "lodash-es: `_.isPlainObject(v)`",
              "rank": 4,
              "rme": 0.2664562411447772,
              "totalTime": 500.0052360482514,
              "min": 0.0788080021739006,
              "max": 0.33079900220036507,
              "hz": 12053.873770670642,
              "period": 0.08296088203886699,
              "mean": 0.08296088203886699,
              "variance": 0.00007666330968425547,
              "sd": 0.008755758658406219,
              "sem": 0.0001127828815823049,
              "df": 6026,
              "critical": 1.96,
              "moe": 0.00022105444790131759,
              "p75": 0.08217500150203705,
              "p99": 0.11034799739718437,
              "p995": 0.12764700129628181,
              "p999": 0.2455960027873516
            }
          ]
        }
      ]
    }
  ]
}
