{
  "files": [
    {
      "filepath": "/home/sebastien/github/httpx/packages/assert/bench/assert.bench.ts",
      "groups": [
        {
          "fullName": "bench/assert.bench.ts > Compare calling 50x i with mixed types values",
          "benchmarks": [
            {
              "id": "-2141948218_0_0",
              "sampleCount": 10,
              "median": 0.12956400029361248,
              "name": "test",
              "rank": 1,
              "rme": 1.309212609049716,
              "totalTime": 1.301557995378971,
              "min": 0.127701997756958,
              "max": 0.13524100184440613,
              "hz": 7683.099819987912,
              "period": 0.1301557995378971,
              "mean": 0.1301557995378971,
              "variance": 0.000005674952179269956,
              "sd": 0.002382215812908217,
              "sem": 0.0007533227846859509,
              "df": 9,
              "critical": 2.262,
              "moe": 0.001704016138959621,
              "p75": 0.1306999996304512,
              "p99": 0.13524100184440613,
              "p995": 0.13524100184440613,
              "p999": 0.13524100184440613
            }
          ]
        }
      ]
    },
    {
      "filepath": "/home/sebastien/github/httpx/packages/assert/bench/comparative.bench.ts",
      "groups": []
    }
  ]
}
