{
  "files": [
    {
      "filepath": "/home/sebastien/github/httpx/packages/assert/bench/assert.bench.ts",
      "groups": [
        {
          "fullName": "bench/assert.bench.ts > Compare calling 50x i with mixed types values",
          "benchmarks": [
            {
              "id": "-2141948218_0_0",
              "sampleCount": 10,
              "median": 0.1624125000089407,
              "name": "test",
              "rank": 1,
              "rme": 2.9062962194848008,
              "totalTime": 1.659061000449583,
              "min": 0.16133000003173947,
              "max": 0.18146900017745793,
              "hz": 6027.505918884319,
              "period": 0.1659061000449583,
              "mean": 0.1659061000449583,
              "variance": 0.00004543800570431378,
              "sd": 0.006740771892321663,
              "sem": 0.0021316192367379725,
              "df": 9,
              "critical": 2.262,
              "moe": 0.004821722713501294,
              "p75": 0.16891100001521409,
              "p99": 0.18146900017745793,
              "p995": 0.18146900017745793,
              "p999": 0.18146900017745793
            }
          ]
        }
      ]
    },
    {
      "filepath": "/home/sebastien/github/httpx/packages/assert/bench/comparative.bench.ts",
      "groups": [
        {
          "fullName": "bench/comparative.bench.ts > Compare calling 100x isPlainObject with mixed types values",
          "benchmarks": [
            {
              "id": "-524832507_0_0",
              "sampleCount": 379812,
              "median": 0.001301000127568841,
              "name": "@httpx/assert: `isPlainObject(v)`",
              "rank": 1,
              "rme": 0.048468906729284174,
              "totalTime": 500.0004850742407,
              "min": 0.0012229999992996454,
              "max": 0.03320700000040233,
              "hz": 759623.2630526449,
              "period": 0.001316442042574328,
              "mean": 0.001316442042574328,
              "variance": 4.025190827087117e-8,
              "sd": 0.00020062878225935373,
              "sem": 3.255434008981809e-7,
              "df": 379811,
              "critical": 1.96,
              "moe": 6.380650657604346e-7,
              "p75": 0.0013419999741017818,
              "p99": 0.001408000010997057,
              "p995": 0.0014410000294446945,
              "p999": 0.003085999982431531
            },
            {
              "id": "-524832507_0_1",
              "sampleCount": 365582,
              "median": 0.0013510000426322222,
              "name": "is-plain-obj: `isPlainObj(v)`",
              "rank": 2,
              "rme": 0.06408546497839399,
              "totalTime": 500.0017339733895,
              "min": 0.001227000029757619,
              "max": 0.10357100004330277,
              "hz": 731161.4643709547,
              "period": 0.0013676869593508146,
              "mean": 0.0013676869593508146,
              "variance": 7.310804209218559e-8,
              "sd": 0.0002703849886591073,
              "sem": 4.471880343616469e-7,
              "df": 365581,
              "critical": 1.96,
              "moe": 8.764885473488279e-7,
              "p75": 0.0014170000795274973,
              "p99": 0.001482000108808279,
              "p995": 0.0016850000247359276,
              "p999": 0.0031949998810887337
            },
            {
              "id": "-524832507_0_2",
              "sampleCount": 279203,
              "median": 0.0017719999887049198,
              "name": "@sindresorhus/is: `is.plainObject(v)`",
              "rank": 3,
              "rme": 0.0632196317710399,
              "totalTime": 500.0013830331154,
              "min": 0.0016099999193102121,
              "max": 0.017832000041380525,
              "hz": 558404.4554162928,
              "period": 0.0017908166568164218,
              "mean": 0.0017908166568164218,
              "variance": 9.31567035067737e-8,
              "sd": 0.0003052158310225302,
              "sem": 5.776263755784639e-7,
              "df": 279202,
              "critical": 1.96,
              "moe": 0.0000011321476961337892,
              "p75": 0.0018259999342262745,
              "p99": 0.0022979998029768467,
              "p995": 0.0026420000940561295,
              "p999": 0.0039049999322742224
            },
            {
              "id": "-524832507_0_3",
              "sampleCount": 6612,
              "median": 0.07481849996838719,
              "name": "lodash-es: `_.isPlainObject(v)`",
              "rank": 6,
              "rme": 0.16119927852520838,
              "totalTime": 500.05265300767496,
              "min": 0.0732599999755621,
              "max": 0.22783699980936944,
              "hz": 13222.607579883228,
              "period": 0.07562804794429445,
              "mean": 0.07562804794429445,
              "variance": 0.000025580714537622104,
              "sd": 0.005057738085114937,
              "sem": 0.00006219993247392925,
              "df": 6611,
              "critical": 1.96,
              "moe": 0.00012191186764890134,
              "p75": 0.07614700007252395,
              "p99": 0.08350199996493757,
              "p995": 0.08891199994832277,
              "p999": 0.19062400003895164
            },
            {
              "id": "-524832507_0_4",
              "sampleCount": 4053,
              "median": 0.09923499985598028,
              "name": "zod: `z.record(z.string(), z.unknown())`",
              "rank": 7,
              "rme": 5.376286796234699,
              "totalTime": 500.09777401038446,
              "min": 0.09264199994504452,
              "max": 2.6080930000171065,
              "hz": 8104.415197648611,
              "period": 0.12338953220093374,
              "mean": 0.12338953220093374,
              "variance": 0.04642863893083624,
              "sd": 0.21547305848025697,
              "sem": 0.003384579146762532,
              "df": 4052,
              "critical": 1.96,
              "moe": 0.006633775127654562,
              "p75": 0.10148599999956787,
              "p99": 1.743070000084117,
              "p995": 2.2550019999034703,
              "p999": 2.3603619998320937
            },
            {
              "id": "-524832507_0_5",
              "sampleCount": 98294,
              "median": 0.004623000044375658,
              "name": "valibot: `z.record(z.string(), z.unknown())`",
              "rank": 4,
              "rme": 0.5530255162969839,
              "totalTime": 500.00330297928303,
              "min": 0.004242999944835901,
              "max": 0.2859959998168051,
              "hz": 196586.7013563962,
              "period": 0.005086814077962877,
              "mean": 0.005086814077962877,
              "variance": 0.00002024869015408866,
              "sd": 0.004499854459211838,
              "sem": 0.000014352744804960134,
              "df": 98293,
              "critical": 1.96,
              "moe": 0.000028131379817721862,
              "p75": 0.0048149998765438795,
              "p99": 0.014056999934837222,
              "p995": 0.018133000005036592,
              "p999": 0.10411200020462275
            },
            {
              "id": "-524832507_0_6",
              "sampleCount": 16414,
              "median": 0.029927999945357442,
              "name": "typebox: `Type.Record(Type.String(), Type.Unknown()) (check)`",
              "rank": 5,
              "rme": 0.33773582822938214,
              "totalTime": 500.01370500796475,
              "min": 0.02881000004708767,
              "max": 0.3574159999843687,
              "hz": 32827.10020866036,
              "period": 0.030462635860117264,
              "mean": 0.030462635860117264,
              "variance": 0.00004522634733667519,
              "sd": 0.006725053705114569,
              "sem": 0.000052491446695238676,
              "df": 16413,
              "critical": 1.96,
              "moe": 0.0001028832355226678,
              "p75": 0.03013999992981553,