{
  "files": [
    {
      "filepath": "/home/sebastien/github/httpx/packages/assert/bench/assert.bench.ts",
      "groups": [
        {
          "fullName": "bench/assert.bench.ts > Compare calling 50x i with mixed types values",
          "benchmarks": [
            {
              "id": "-2141948218_0_0",
              "sampleCount": 10,
              "median": 0.09705699999997819,
              "name": "test",
              "rank": 1,
              "rme": 31.480093881771392,
              "totalTime": 1.3080659999999398,
              "min": 0.0913630000000012,
              "max": 0.24805999999995265,
              "hz": 7644.874188305836,
              "period": 0.13080659999999397,
              "mean": 0.13080659999999397,
              "variance": 0.00331395152382106,
              "sd": 0.05756693081814472,
              "sem": 0.018204261929067763,
              "df": 9,
              "critical": 2.262,
              "moe": 0.04117804048355128,
              "p75": 0.17689999999998918,
              "p99": 0.24805999999995265,
              "p995": 0.24805999999995265,
              "p999": 0.24805999999995265
            }
          ]
        }
      ]
    },
    {
      "filepath": "/home/sebastien/github/httpx/packages/assert/bench/comparative.bench.ts",
      "groups": [
        {
          "fullName": "bench/comparative.bench.ts > Compare calling 100x isPlainObject with mixed types values",
          "benchmarks": [
            {
              "id": "-524832507_0_0",
              "sampleCount": 467651,
              "median": 0.000854000000117594,
              "name": "@httpx/assert: `isPlainObject(v)`",
              "rank": 1,
              "rme": 5.961431321974657,
              "totalTime": 500.00060799990786,
              "min": 0.0007949999999254942,
              "max": 11.879482999999937,
              "hz": 935300.8626743234,
              "period": 0.0010691746794081651,
              "mean": 0.0010691746794081651,
              "variance": 0.0004945476527847859,
              "sd": 0.022238427390100807,
              "sem": 0.000032519446033092085,
              "df": 467650,
              "critical": 1.96,
              "moe": 0.00006373811422486048,
              "p75": 0.0008869999999205902,
              "p99": 0.0017770000000609798,
              "p995": 0.0018870000000106302,
              "p999": 0.0032129999999597203
            },
            {
              "id": "-524832507_0_1",
              "sampleCount": 428199,
              "median": 0.000875000000178261,
              "name": "is-plain-obj: `isPlainObj(v)`",
              "rank": 2,
              "rme": 3.8487565634345877,
              "totalTime": 500.00020800014295,
              "min": 0.0008190000000922737,
              "max": 5.176445999999942,
              "hz": 856397.6437383355,
              "period": 0.0011676818675432285,
              "mean": 0.0011676818675432285,
              "variance": 0.0002251248640849265,
              "sd": 0.015004161558878473,
              "sem": 0.000022929200263829374,
              "df": 428198,
              "critical": 1.96,
              "moe": 0.000044941232517105574,
              "p75": 0.001239000000168744,
              "p99": 0.001784999999927095,
              "p995": 0.0019969999998465937,
              "p999": 0.007121999999981199
            },
            {
              "id": "-524832507_0_2",
              "sampleCount": 285112,
              "median": 0.0013390000003710156,
              "name": "@sindresorhus/is: `is.plainObject(v)`",
              "rank": 3,
              "rme": 2.8778634090319515,
              "totalTime": 500.00190399991016,
              "min": 0.001261999999769614,
              "max": 4.310599999999795,
              "hz": 570221.8285953793,
              "period": 0.0017537034709163772,
              "mean": 0.0017537034709163772,
              "variance": 0.0001890410111523788,
              "sd": 0.013749218565154124,
              "sem": 0.000025749586985931487,
              "df": 285111,
              "critical": 1.96,
              "moe": 0.000050469190492425715,
              "p75": 0.001896000000215281,
              "p99": 0.0027179999997315463,
              "p995": 0.002992000000176631,
              "p999": 0.01787400000011985
            },
            {
              "id": "-524832507_0_3",
              "sampleCount": 6202,
              "median": 0.07224799999994502,
              "name": "lodash-es: `_.isPlainObject(v)`",
              "rank": 6,
              "rme": 1.618232934683334,
              "totalTime": 500.00256700002,
              "min": 0.056186000000252534,
              "max": 1.4623439999995753,
              "hz": 12403.936318190446,
              "period": 0.08061956901,
              "mean": 0.08061956901,
              "variance": 0.002747784282274788,
              "sd": 0.05241931211180463,
              "sem": 0.0006656185803671319,
              "df": 6201,
              "critical": 1.96,
              "moe": 0.0013046124175195785,
              "p75": 0.09449099999983446,
              "p99": 0.22927000000026965,
              "p995": 0.3911930000003849,
              "p999": 0.9025489999999081
            },
            {
              "id": "-524832507_0_4",
              "sampleCount": 4502,
              "median": 0.0679824999997436,
              "name": "zod: `z.record(z.string(), z.unknown())`",
              "rank": 7,
              "rme": 7.799656026433595,
              "totalTime": 500.05623499998455,
              "min": 0.06355899999925896,
              "max": 5.284771999999975,
              "hz": 9002.987434003575,
              "period": 0.1110742414482418,
              "mean": 0.1110742414482418,
              "variance": 0.08795711185087282,
              "sd": 0.296575642713411,
              "sem": 0.004420106513741425,
              "df": 4501,
              "critical": 1.96,
              "moe": 0.008663408766933193,
              "p75": 0.09179200000016863,
              "p99": 1.08897799999977,
              "p995": 2.702635999999984,
              "p999": 3.964756999999736
            },
            {
              "id": "-524832507_0_5",
              "sampleCount": 122972,
              "median": 0.0031909999997878913,
              "name": "valibot: `z.record(z.string(), z.unknown())`",
              "rank": 4,
              "rme": 5.321531069349135,
              "totalTime": 500.002312999859,
              "min": 0.0026710000001912704,
              "max": 9.920423999999912,
              "hz": 245942.8622683885,
              "period": 0.0040659850453750365,
              "mean": 0.0040659850453750365,
              "variance": 0.001498645285543367,
              "sd": 0.03871234022302665,
              "sem": 0.00011039421299220515,
              "df": 122971,
              "critical": 1.96,
              "moe": 0.0002163726574647221,
              "p75": 0.003493000000162283,
              "p99": 0.0066299999998591375,
              "p995": 0.008583999999245862,
              "p999": 0.160345000000234
            },
            {
              "id": "-524832507_0_6",
              "sampleCount": 20504,
              "median": 0.019094999999651918,
              "name": "typebox: `Type.Record(Type.String(), Type.Unknown()) (check)`",
              "rank": 5,
              "rme": 2.826528668843283,
              "totalTime": 500.0185699999274,
              "min": 0.01857800000016141,
              "max": 5.579131999999845,
              "hz": 41006.47701944945,
              "period": 0.02438639143581386,
              "mean": 0.02438639143581386,
              "variance": 0.002535877796364532,
              "sd": 0.05035749990184711,
              "sem": 0.0003516777271579704,
              "df": 20503,
              "critical": 1.96,
              "moe": 0.0006892883452296219,
              "p75": 0.019642999999632593,
              "p99": 0.055578999999852385,