{
  "files": [
    {
      "filepath": "/home/sebastien/github/httpx/packages/assert/bench/comparative.bench.ts",
      "groups": [
        {
          "fullName": "bench/comparative.bench.ts > isPlainObject",
          "benchmarks": [
            {
              "id": "-524832507_0_0",
              "sampleCount": 343510,
              "name": "@httpx/assert: `isPlainObject(v)`",
              "rank": 1,
              "rme": 0.09152906134795517,
              "totalTime": 500.00063578411937,
              "min": 0.0013350006192922592,
              "max": 0.09234399907290936,
              "hz": 687019.1264082994,
              "period": 0.0014555635521065454,
              "mean": 0.0014555635521065454,
              "variance": 1.5871121018532514e-7,
              "sd": 0.0003983857555000243,
              "sem": 6.797263553908548e-7,
              "df": 343509,
              "critical": 1.96,
              "moe": 0.0000013322636565660753,
              "p75": 0.0014079995453357697,
              "p99": 0.0026079993695020676,
              "p995": 0.0031519997864961624,
              "p999": 0.006294999271631241
            },
            {
              "id": "-524832507_0_1",
              "sampleCount": 339605,
              "name": "is-plain-obj: `isPlainObj(v)`",
              "rank": 2,
              "rme": 0.03239878480859276,
              "totalTime": 500.0008005835116,
              "min": 0.0014009997248649597,
              "max": 0.023360999301075935,
              "hz": 679208.9124730875,
              "period": 0.0014723010573563745,
              "mean": 0.0014723010573563745,
              "variance": 2.0114656643e-8,
              "sd": 0.0001418261493625206,
              "sem": 2.4337125066710597e-7,
              "df": 339604,
              "critical": 1.96,
              "moe": 4.770076513075277e-7,
              "p75": 0.0014730002731084824,
              "p99": 0.0018360000103712082,
              "p995": 0.0022630002349615097,
              "p999": 0.002547001466155052
            },
            {
              "id": "-524832507_0_2",
              "sampleCount": 237565,
              "name": "@sindresorhus/is: `is.plainObject(v)`",
              "rank": 3,
              "rme": 0.10427009217176544,
              "totalTime": 500.0013849865645,
              "min": 0.001847999170422554,
              "max": 0.029186999425292015,
              "hz": 475128.6839063128,
              "period": 0.002104692968183716,
              "mean": 0.002104692968183716,
              "variance": 2.9782923746705974e-7,
              "sd": 0.0005457373337669503,
              "sem": 0.0000011196761723764422,
              "df": 237564,
              "critical": 1.96,
              "moe": 0.0000021945652978578266,
              "p75": 0.002088000997900963,
              "p99": 0.004065999761223793,
              "p995": 0.004605000838637352,
              "p999": 0.009328000247478485
            },
            {
              "id": "-524832507_0_3",
              "sampleCount": 6097,
              "name": "lodash-es: `_.isPlainObject(v)`",
              "rank": 4,
              "rme": 0.21391102132703346,
              "totalTime": 500.055477976799,
              "min": 0.07876300066709518,
              "max": 0.2980220001190901,
              "hz": 12192.647153208232,
              "period": 0.08201664391943563,
              "mean": 0.08201664391943563,
              "variance": 0.00004885110179079612,
              "sd": 0.006989356321636215,
              "sem": 0.00008951155136031685,
              "df": 6096,
              "critical": 1.96,
              "moe": 0.00017544264066622102,
              "p75": 0.0826909989118576,
              "p99": 0.09366600029170513,
              "p995": 0.09732099995017052,
              "p999": 0.2199339997023344
            }
          ]
        }
      ]
    }
  ]
}
