{
  "files": [
    {
      "filepath": "/home/sebastien/github/httpx/packages/assert/bench/assert.bench.ts",
      "groups": [
        {
          "fullName": "bench/assert.bench.ts > Compare calling 50x i with mixed types values",
          "benchmarks": [
            {
              "id": "-2141948218_0_0",
              "sampleCount": 16,
              "name": "test",
              "rank": 1,
              "rme": 1.002484794957517,
              "totalTime": 1.003060999999434,
              "min": 0.061956999999893014,
              "max": 0.06673899999987043,
              "hz": 15951.173458053925,
              "period": 0.06269131249996462,
              "mean": 0.06269131249996462,
              "variance": 0.000001391628762570773,
              "sd": 0.0011796731592143533,
              "sem": 0.0002949182898035883,
              "df": 15,
              "critical": 2.131,
              "moe": 0.0006284708755714466,
              "p75": 0.062441999999464315,
              "p99": 0.06673899999987043,
              "p995": 0.06673899999987043,
              "p999": 0.06673899999987043
            }
          ]
        }
      ]
    },
    {
      "filepath": "/home/sebastien/github/httpx/packages/assert/bench/comparative.bench.ts",
      "groups": [
        {
          "fullName": "bench/comparative.bench.ts > Compare calling 100x isPlainObject with mixed types values",
          "benchmarks": [
            {
              "id": "-524832507_0_0",
              "sampleCount": 777140,
              "name": "@httpx/assert: `isPlainObject(v)`",
              "rank": 1,
              "rme": 4.322163225329127,
              "totalTime": 500.00028800003577,
              "min": 0.0005229999999301072,
              "max": 10.632945000000063,
              "hz": 1554279.1047351246,
              "period": 0.0006433850889158141,
              "mean": 0.0006433850889158141,
              "variance": 0.00015643410110566667,
              "sd": 0.012507361876337738,
              "sem": 0.000014187833525699193,
              "df": 777139,
              "critical": 1.96,
              "moe": 0.00002780815371037042,
              "p75": 0.0006249999998999556,
              "p99": 0.0008040000000164582,
              "p995": 0.0008550000000013824,
              "p999": 0.003827000000001135
            },
            {
              "id": "-524832507_0_1",
              "sampleCount": 774567,
              "name": "is-plain-obj: `isPlainObj(v)`",
              "rank": 2,
              "rme": 1.426627729610534,
              "totalTime": 500.00044499978367,
              "min": 0.0005310000001372828,
              "max": 2.1400019999998676,
              "hz": 1549132.6212726373,
              "period": 0.000645522524197111,
              "mean": 0.000645522524197111,
              "variance": 0.000017099797652859477,
              "sd": 0.004135190159213899,
              "sem": 0.000004698573128100947,
              "df": 774566,
              "critical": 1.96,
              "moe": 0.000009209203331077855,
              "p75": 0.0006410000000869331,
              "p99": 0.0008100000000013097,
              "p995": 0.0008669999999710853,
              "p999": 0.0026779999998325366
            },
            {
              "id": "-524832507_0_2",
              "sampleCount": 509624,
              "name": "@sindresorhus/is: `is.plainObject(v)`",
              "rank": 3,
              "rme": 2.958180545705891,
              "totalTime": 500.0001439998682,
              "min": 0.0008029999999052961,
              "max": 6.213614000000234,
              "hz": 1019247.7064569292,
              "period": 0.0009811157716274512,
              "mean": 0.0009811157716274512,
              "variance": 0.00011174487064032003,
              "sd": 0.010570944642761121,
              "sem": 0.00001480774279955893,
              "df": 509623,
              "critical": 1.96,
              "moe": 0.0000290231758871355,
              "p75": 0.000950000000102591,
              "p99": 0.0011939999999412976,
              "p995": 0.0012580000002344605,
              "p999": 0.008353000000170141
            },
            {
              "id": "-524832507_0_3",
              "sampleCount": 11289,
              "name": "lodash-es: `_.isPlainObject(v)`",
              "rank": 6,
              "rme": 5.360190346439996,
              "totalTime": 500.00613299999986,
              "min": 0.03595999999970445,
              "max": 11.734791000000314,
              "hz": 22577.723061648932,
              "period": 0.04429144592080785,
              "mean": 0.04429144592080785,
              "variance": 0.01656317046195366,
              "sd": 0.12869798157684395,
              "sem": 0.0012112784737478746,
              "df": 11288,
              "critical": 1.96,
              "moe": 0.002374105808545834,
              "p75": 0.04281399999990754,
              "p99": 0.09539200000017445,
              "p995": 0.1406779999997525,
              "p999": 0.3925739999999678
            },
            {
              "id": "-524832507_0_4",
              "sampleCount": 6124,
              "name": "zod: `z.record(z.string(), z.unknown())`",
              "rank": 7,
              "rme": 8.335647007936013,
              "totalTime": 500.02356999996573,
              "min": 0.04438899999968271,
              "max": 3.8929760000000897,
              "hz": 12247.422656496812,
              "period": 0.0816498318092694,
              "mean": 0.0816498318092694,
              "variance": 0.07384349754438459,
              "sd": 0.271741600687831,
              "sem": 0.003472470286833751,
              "df": 6123,
              "critical": 1.96,
              "moe": 0.006806041762194151,
              "p75": 0.055529000000206,
              "p99": 1.5140179999998509,
              "p995": 2.7254669999992984,
              "p999": 3.596556000000419
            },
            {
              "id": "-524832507_0_5",
              "sampleCount": 120382,
              "name": "valibot: `z.record(z.string(), z.unknown())`",
              "rank": 4,
              "rme": 2.1291701801454117,
              "totalTime": 500.0013509999608,
              "min": 0.0028519999996206025,
              "max": 3.7053079999996044,
              "hz": 240763.34945744864,
              "period": 0.004153456089780539,
              "mean": 0.004153456089780539,
              "variance": 0.00024506958126199854,
              "sd": 0.015654698376589646,
              "sem": 0.00004511946352502085,
              "df": 120381,
              "critical": 1.96,
              "moe": 0.00008843414850904087,
              "p75": 0.003792999999859603,
              "p99": 0.008641000000352506,
              "p995": 0.016350999999303895,
              "p999": 0.13204700000005687
            },
            {
              "id": "-524832507_0_6",
              "sampleCount": 31570,
              "name": "typebox: `Type.Record(Type.String(), Type.Unknown()) (check)`",
              "rank": 5,
              "rme": 3.0965529998584223,
              "totalTime": 500.0084639999732,
              "min": 0.01255700000001525,
              "max": 5.624813000000358,
              "hz": 63138.931184176305,
              "period": 0.015838088818497725,
              "mean": 0.015838088818497725,
              "variance": 0.0019766283627769463,
              "sd": 0.044459288824462165,
              "sem": 0.0002502218440966493,
              "df": 31569,
              "critical": 1.96,
              "moe": 0.0004904348144294326,
              "p75": 0.014709000000038941,
              "p99": 0.03126399999928253,
              "p995": 0.04821899999933521,
              "p999": 0.2189570000000458
            }
          ]
        }
      ]
    }
  ]
}
