{
  "files": [
    {
      "filepath": "/home/sebastien/github/httpx/packages/assert/bench/comparative.bench.ts",
      "groups": [
        {
          "fullName": "bench/comparative.bench.ts > Compare calling 100x isPlainObject with mixed types values",
          "benchmarks": [
            {
              "id": "-524832507_0_0",
              "sampleCount": 393888,
              "name": "@httpx/assert: `isPlainObject(v)`",
              "rank": 1,
              "rme": 0.12209952508077879,
              "totalTime": 500.00078200006146,
              "min": 0.001199999999926149,
              "max": 0.29286500000000615,
              "hz": 787774.7679201663,
              "period": 0.0012693983619710715,
              "mean": 0.0012693983619710715,
              "variance": 2.463113496079405e-7,
              "sd": 0.000496297642154323,
              "sem": 7.907802915050324e-7,
              "df": 393887,
              "critical": 1.96,
              "moe": 0.0000015499293713498635,
              "p75": 0.001262999999994463,
              "p99": 0.0023360000000138825,
              "p995": 0.002357999999958338,
              "p999": 0.002422000000024127
            },
            {
              "id": "-524832507_0_1",
              "sampleCount": 371094,
              "name": "is-plain-obj: `isPlainObj(v)`",
              "rank": 2,
              "rme": 0.06089938197395912,
              "totalTime": 500.00113900001884,
              "min": 0.0012349999997240957,
              "max": 0.03449799999998504,
              "hz": 742186.3092995594,
              "period": 0.0013473705826556582,
              "mean": 0.0013473705826556582,
              "variance": 6.503867464520278e-8,
              "sd": 0.00025502681162027413,
              "sem": 4.1864303966134073e-7,
              "df": 371093,
              "critical": 1.96,
              "moe": 8.205403577362278e-7,
              "p75": 0.0013280000000577274,
              "p99": 0.002436999999645195,
              "p995": 0.0025000000000545697,
              "p999": 0.002765000000181317
            },
            {
              "id": "-524832507_0_2",
              "sampleCount": 267329,
              "name": "@sindresorhus/is: `is.plainObject(v)`",
              "rank": 3,
              "rme": 0.17851425602969695,
              "totalTime": 500.0001069999812,
              "min": 0.0017149999998764542,
              "max": 0.31238699999994424,
              "hz": 534657.8855832326,
              "period": 0.0018703549072490496,
              "mean": 0.0018703549072490496,
              "variance": 7.757607216763559e-7,
              "sd": 0.0008807727979884233,
              "sem": 0.0000017034949733625353,
              "df": 267328,
              "critical": 1.96,
              "moe": 0.0000033388501477905693,
              "p75": 0.001890000000003056,
              "p99": 0.0019280000001344888,
              "p995": 0.002908999999817752,
              "p999": 0.0038970000000517757
            },
            {
              "id": "-524832507_0_3",
              "sampleCount": 6610,
              "name": "lodash-es: `_.isPlainObject(v)`",
              "rank": 5,
              "rme": 0.2137161074513203,
              "totalTime": 500.07324200000494,
              "min": 0.07163600000012593,
              "max": 0.3399819999999636,
              "hz": 13218.063765147297,
              "period": 0.07565404568835173,
              "mean": 0.07565404568835173,
              "variance": 0.00004498090018375257,
              "sd": 0.006706780165157687,
              "sem": 0.00008249228651764732,
              "df": 6609,
              "critical": 1.96,
              "moe": 0.00016168488157458874,
              "p75": 0.0763929999998254,
              "p99": 0.08443500000021231,
              "p995": 0.08888699999988603,
              "p999": 0.23100699999986318
            },
            {
              "id": "-524832507_0_4",
              "sampleCount": 10772,
              "name": "zod: `z.record(z.string(), z.unknown())`",
              "rank": 4,
              "rme": 6.629453348840501,
              "totalTime": 500.4117660000061,
              "min": 0.027646000000004278,
              "max": 4.783697000000302,
              "hz": 21526.27242581636,
              "period": 0.046454861307093025,
              "mean": 0.046454861307093025,
              "variance": 0.02659512129191548,
              "sd": 0.163080106977876,
              "sem": 0.001571277223786882,
              "df": 10771,
              "critical": 1.96,
              "moe": 0.003079703358622289,
              "p75": 0.030146000000058848,
              "p99": 0.15313700000024255,
              "p995": 1.6194320000004154,
              "p999": 1.9684400000001006
            },
            {
              "id": "-524832507_0_5",
              "sampleCount": 54,
              "name": "valibot: `z.record(z.string(), z.unknown())`",
              "rank": 7,
              "rme": 2.4725490722790573,
              "totalTime": 500.99309099999664,
              "min": 8.950118000000657,
              "max": 14.329791000000114,
              "hz": 107.78591755070802,
              "period": 9.277649833333271,
              "mean": 9.277649833333271,
              "variance": 0.7059400262798144,
              "sd": 0.8402023722174405,
              "sem": 0.11433706070048413,
              "df": 53,
              "critical": 2.0063,
              "moe": 0.22939444488338132,
              "p75": 9.197347999999693,
              "p99": 14.329791000000114,
              "p995": 14.329791000000114,
              "p999": 14.329791000000114
            },
            {
              "id": "-524832507_0_6",
              "sampleCount": 59,
              "name": "typebox: `Type.Record(Type.String(), Type.Unknown()) (check)`",
              "rank": 6,
              "rme": 2.087034604586559,
              "totalTime": 506.339130999997,
              "min": 8.056447999999364,
              "max": 11.94037600000047,
              "hz": 116.52269474705156,
              "period": 8.582019169491474,
              "mean": 8.582019169491474,
              "variance": 0.47233366715121466,
              "sd": 0.6872653542491537,
              "sem": 0.08947432802454745,
              "df": 58,
              "critical": 2.0018,
              "moe": 0.17910970983953908,
              "p75": 8.549503999999615,
              "p99": 11.94037600000047,
              "p995": 11.94037600000047,
              "p999": 11.94037600000047
            }
          ]
        }
      ]
    }
  ]
}
