{
  "files": [
    {
      "filepath": "/home/sebastien/github/httpx/packages/assert/bench/assert.bench.ts",
      "groups": [
        {
          "fullName": "bench/assert.bench.ts > Compare calling 50x i with mixed types values",
          "benchmarks": [
            {
              "id": "-2141948218_0_0",
              "sampleCount": 10,
              "median": 0.20191800000000626,
              "name": "test",
              "rank": 1,
              "rme": 4.906026709912405,
              "totalTime": 2.0366739999998913,
              "min": 0.18944900000002463,
              "max": 0.23679899999996223,
              "hz": 4909.965954296335,
              "period": 0.20366739999998912,
              "mean": 0.20366739999998912,
              "variance": 0.0001951271287107428,
              "sd": 0.013968791240144681,
              "sem": 0.004417319647826527,
              "df": 9,
              "critical": 2.262,
              "moe": 0.009991977043383605,
              "p75": 0.2055159999999887,
              "p99": 0.23679899999996223,
              "p995": 0.23679899999996223,
              "p999": 0.23679899999996223
            }
          ]
        }
      ]
    },
    {
      "filepath": "/home/sebastien/github/httpx/packages/assert/bench/comparative.bench.ts",
      "groups": [
        {
          "fullName": "bench/comparative.bench.ts > Compare calling 100x isPlainObject with mixed types values",
          "benchmarks": [
            {
              "id": "-524832507_0_0",
              "sampleCount": 358444,
              "median": 0.0011620000000220898,
              "name": "@httpx/assert: `isPlainObject(v)`",
              "rank": 1,
              "rme": 0.8412004066812312,
              "totalTime": 500.00041700004977,
              "min": 0.0010920000001988228,
              "max": 0.8852529999999206,
              "hz": 716887.4021158352,
              "period": 0.0013949191979780657,
              "mean": 0.0013949191979780657,
              "variance": 0.00001284713308909448,
              "sd": 0.0035842897607607674,
              "sem": 0.000005986768350135743,
              "df": 358443,
              "critical": 1.96,
              "moe": 0.000011734065966266056,
              "p75": 0.0012219999998706044,
              "p99": 0.002796999999873151,
              "p995": 0.002956999999923937,
              "p999": 0.005634999999983847
            },
            {
              "id": "-524832507_0_1",
              "sampleCount": 320892,
              "median": 0.0012179999998807034,
              "name": "is-plain-obj: `isPlainObj(v)`",
              "rank": 2,
              "rme": 1.2870473627441448,
              "totalTime": 500.0006640002325,
              "min": 0.0011140000001432782,
              "max": 1.503016000000116,
              "hz": 641783.1477116814,
              "period": 0.0015581587076032824,
              "mean": 0.0015581587076032824,
              "variance": 0.000033593804265169323,
              "sd": 0.0057960162409338815,
              "sem": 0.000010231755384477702,
              "df": 320891,
              "critical": 1.96,
              "moe": 0.000020054240553576297,
              "p75": 0.0013379999995777325,
              "p99": 0.0026649999999790452,
              "p995": 0.0033509999998386775,
              "p999": 0.038105000000086875
            },
            {
              "id": "-524832507_0_2",
              "sampleCount": 229984,
              "median": 0.0019480000000839937,
              "name": "@sindresorhus/is: `is.plainObject(v)`",
              "rank": 3,
              "rme": 1.1667131337054448,
              "totalTime": 500.00193200009244,
              "min": 0.0017010000001391745,
              "max": 1.1609339999999975,
              "hz": 459966.22269043047,
              "period": 0.0021740726833175024,
              "mean": 0.0021740726833175024,
              "variance": 0.00003851782649266456,
              "sd": 0.006206273156465525,
              "sem": 0.00001294142425131004,
              "df": 229983,
              "critical": 1.96,
              "moe": 0.00002536519153256768,
              "p75": 0.0019909999996343686,
              "p99": 0.004281999999875552,
              "p995": 0.004456000000118365,
              "p999": 0.02430099999992308
            },
            {
              "id": "-524832507_0_3",
              "sampleCount": 5172,
              "median": 0.07706599999983155,
              "name": "lodash-es: `_.isPlainObject(v)`",
              "rank": 6,
              "rme": 1.7039191410532932,
              "totalTime": 500.0510690000124,
              "min": 0.07490300000017669,
              "max": 1.3881380000002537,
              "hz": 10342.9435924271,
              "period": 0.09668427474864895,
              "mean": 0.09668427474864895,
              "variance": 0.0036538946741711932,
              "sd": 0.060447453827032226,
              "sem": 0.0008405213590973394,
              "df": 5171,
              "critical": 1.96,
              "moe": 0.0016474218638307852,
              "p75": 0.08639400000038222,
              "p99": 0.3364459999997962,
              "p995": 0.4834200000000237,
              "p999": 0.7391280000001643
            },
            {
              "id": "-524832507_0_4",
              "sampleCount": 2916,
              "median": 0.09849950000034369,
              "name": "zod: `z.record(z.string(), z.unknown())`",
              "rank": 7,
              "rme": 13.074580762563551,
              "totalTime": 501.1288939999904,
              "min": 0.09077099999922211,
              "max": 14.810169999999744,
              "hz": 5818.862242654992,
              "period": 0.17185490192043568,
              "mean": 0.17185490192043568,
              "variance": 0.3832258266227645,
              "sd": 0.6190523617778746,
              "sem": 0.011463932625516196,
              "df": 2915,
              "critical": 1.96,
              "moe": 0.022469307946011742,
              "p75": 0.1104589999995369,
              "p99": 2.5210470000001806,
              "p995": 5.462551000000531,
              "p999": 7.261838000000353
            },
            {
              "id": "-524832507_0_5",
              "sampleCount": 94425,
              "median": 0.004171999999925902,
              "name": "valibot: `z.record(z.string(), z.unknown())`",
              "rank": 4,
              "rme": 1.6875968220671684,
              "totalTime": 500.06946999981847,
              "min": 0.0037689999999201973,
              "max": 1.777697000000444,
              "hz": 188823.7648261836,
              "period": 0.005295943553082536,
              "mean": 0.005295943553082536,
              "variance": 0.00019633555010566782,
              "sd": 0.01401197880763698,
              "sem": 0.00004559906892872039,
              "df": 94424,
              "critical": 1.96,
              "moe": 0.00008937417510029196,
              "p75": 0.004697999999734748,
              "p99": 0.011042000000088592,
              "p995": 0.026053000000501925,
              "p999": 0.17730200000005425
            },
            {
              "id": "-524832507_0_6",
              "sampleCount": 14039,
              "median": 0.02671699999973498,
              "name": "typebox: `Type.Record(Type.String(), Type.Unknown()) (check)`",
              "rank": 5,
              "rme": 2.6143000412587214,
              "totalTime": 500.1557610000582,
              "min": 0.025966999999582185,
              "max": 5.2060410000003685,
              "hz": 28069.255809288512,
              "period": 0.035626167177153514,
              "mean": 0.035626167177153514,
              "variance": 0.0031701009615386837,
              "sd": 0.05630364962894221,
              "sem": 0.0004751912771485844,
              "df": 14038,
              "critical": 1.96,
              "moe": 0.0009313749032112253,
              "p75": 0.043214000000261876,