{
  "files": [
    {
      "filepath": "/home/sebastien/github/httpx/packages/assert/bench/assert.bench.ts",
      "groups": [
        {
          "fullName": "bench/assert.bench.ts > Compare calling 50x i with mixed types values",
          "benchmarks": [
            {
              "id": "-2141948218_0_0",
              "sampleCount": 16,
              "median": 0.06182049999999606,
              "name": "test",
              "rank": 1,
              "rme": 1.6454830241625509,
              "totalTime": 1.002440000000007,
              "min": 0.061419999999998254,
              "max": 0.06819100000001299,
              "hz": 15961.055025737089,
              "period": 0.06265250000000044,
              "mean": 0.06265250000000044,
              "variance": 0.000003744697200022557,
              "sd": 0.0019351220116629745,
              "sem": 0.0004837805029157436,
              "df": 15,
              "critical": 2.131,
              "moe": 0.0010309362517134494,
              "p75": 0.061967000000009875,
              "p99": 0.06819100000001299,
              "p995": 0.06819100000001299,
              "p999": 0.06819100000001299
            }
          ]
        }
      ]
    },
    {
      "filepath": "/home/sebastien/github/httpx/packages/assert/bench/comparative.bench.ts",
      "groups": [
        {
          "fullName": "bench/comparative.bench.ts > Compare calling 100x isPlainObject with mixed types values",
          "benchmarks": [
            {
              "id": "-524832507_0_0",
              "sampleCount": 765525,
              "median": 0.0006159999998089916,
              "name": "@httpx/assert: `isPlainObject(v)`",
              "rank": 1,
              "rme": 3.9727333447906856,
              "totalTime": 501.8809649998915,
              "min": 0.0005240000000412692,
              "max": 6.419463000000178,
              "hz": 1525311.8834665618,
              "period": 0.0006556036249631187,
              "mean": 0.0006556036249631187,
              "variance": 0.00013517885360937038,
              "sd": 0.011626644124998853,
              "sem": 0.000013288461131921575,
              "df": 765524,
              "critical": 1.96,
              "moe": 0.000026045383818566287,
              "p75": 0.0006330000001071312,
              "p99": 0.0008240000000796499,
              "p995": 0.0009900000000016007,
              "p999": 0.0014019999999845822
            },
            {
              "id": "-524832507_0_1",
              "sampleCount": 758102,
              "median": 0.0006440000001930457,
              "name": "is-plain-obj: `isPlainObj(v)`",
              "rank": 2,
              "rme": 0.7713754927552516,
              "totalTime": 500.0000860001228,
              "min": 0.0005340000000160217,
              "max": 1.3160069999998996,
              "hz": 1516203.7392125844,
              "period": 0.0006595419692866168,
              "mean": 0.0006595419692866168,
              "variance": 0.000005107778393627618,
              "sd": 0.0022600394672721135,
              "sem": 0.0000025956862834246586,
              "df": 758101,
              "critical": 1.96,
              "moe": 0.000005087545115512331,
              "p75": 0.0006619999999202264,
              "p99": 0.0009220000001732842,
              "p995": 0.0012000000001535227,
              "p999": 0.001856999999972686
            },
            {
              "id": "-524832507_0_2",
              "sampleCount": 489547,
              "median": 0.0009960000002138258,
              "name": "@sindresorhus/is: `is.plainObject(v)`",
              "rank": 3,
              "rme": 0.8959863907163832,
              "totalTime": 500.0001169999632,
              "min": 0.0008179999999811116,
              "max": 1.5483909999998104,
              "hz": 979093.7708921297,
              "period": 0.001021352632127177,
              "mean": 0.001021352632127177,
              "variance": 0.00001067177111342384,
              "sd": 0.003266767685866848,
              "sem": 0.000004668969686266875,
              "df": 489546,
              "critical": 1.96,
              "moe": 0.000009151180585083074,
              "p75": 0.0010440000000926375,
              "p99": 0.001168999999663356,
              "p995": 0.001228999999966618,
              "p999": 0.002369000000271626
            },
            {
              "id": "-524832507_0_3",
              "sampleCount": 11387,
              "median": 0.04144099999984974,
              "name": "lodash-es: `_.isPlainObject(v)`",
              "rank": 6,
              "rme": 2.188208817736118,
              "totalTime": 500.0142109999929,
              "min": 0.03636999999980617,
              "max": 3.3729020000000673,
              "hz": 22773.35273576887,
              "period": 0.043910969614472016,
              "mean": 0.043910969614472016,
              "variance": 0.0027366594648829436,
              "sd": 0.052313090760181084,
              "sem": 0.0004902365862537266,
              "df": 11386,
              "critical": 1.96,
              "moe": 0.000960863709057304,
              "p75": 0.04290199999968536,
              "p99": 0.09045000000014625,
              "p995": 0.10375000000021828,
              "p999": 0.32965599999988626
            },
            {
              "id": "-524832507_0_4",
              "sampleCount": 6047,
              "median": 0.0528680000006716,
              "name": "zod: `z.record(z.string(), z.unknown())`",
              "rank": 7,
              "rme": 7.688339402567669,
              "totalTime": 500.0401590000256,
              "min": 0.04505999999946653,
              "max": 5.627774000000045,
              "hz": 12093.028712119281,
              "period": 0.08269227038201184,
              "mean": 0.08269227038201184,
              "variance": 0.06362426114437102,
              "sd": 0.2522385005195896,
              "sem": 0.003243705309519393,
              "df": 6046,
              "critical": 1.96,
              "moe": 0.00635766240665801,
              "p75": 0.059213000000454485,
              "p99": 1.3163930000000619,
              "p995": 2.23599699999977,
              "p999": 3.2924279999997452
            },
            {
              "id": "-524832507_0_5",
              "sampleCount": 174762,
              "median": 0.002330999999685446,
              "name": "valibot: `z.record(z.string(), z.unknown())`",
              "rank": 4,
              "rme": 1.1770910509530588,
              "totalTime": 500.002156999979,
              "min": 0.0018159999999625143,
              "max": 1.012630000000172,
              "hz": 349522.49215998355,
              "period": 0.0028610462056967703,
              "mean": 0.0028610462056967703,
              "variance": 0.000051594656175406004,
              "sd": 0.007182942027846668,
              "sem": 0.000017182203495351387,
              "df": 174761,
              "critical": 1.96,
              "moe": 0.00003367711885088872,
              "p75": 0.0026840000000447617,
              "p99": 0.0056670000003578025,
              "p995": 0.0073659999998199055,
              "p999": 0.09975299999950948
            },
            {
              "id": "-524832507_0_6",
              "sampleCount": 30390,
              "median": 0.01460399999996298,
              "name": "typebox: `Type.Record(Type.String(), Type.Unknown()) (check)`",
              "rank": 5,
              "rme": 1.2713614806030655,
              "totalTime": 500.00652900000296,
              "min": 0.012550000000373984,
              "max": 1.7485770000002958,
              "hz": 60779.20634512319,
              "period": 0.01645299536031599,
              "mean": 0.01645299536031599,
              "variance": 0.00034613586892004775,
              "sd": 0.018604727058466827,
              "sem": 0.00010672298235534034,
              "df": 30389,
              "critical": 1.96,
              "moe": 0.00020917704541646706,
              "p75": 0.015269000000444066,