{
  "files": [
    {
      "filepath": "/home/sebastien/github/httpx/packages/assert/bench/comparative.bench.ts",
      "groups": [
        {
          "fullName": "bench/comparative.bench.ts > Compare calling 100x isPlainObject with mixed types values",
          "benchmarks": [
            {
              "id": "-524832507_0_0",
              "sampleCount": 380282,
              "name": "@httpx/assert: `isPlainObject(v)`",
              "rank": 1,
              "rme": 0.04800227798658891,
              "totalTime": 500.00010799991674,
              "min": 0.0011980000000448854,
              "max": 0.027807999999936328,
              "hz": 760563.8357183381,
              "period": 0.0013148140274846475,
              "mean": 0.0013148140274846475,
              "variance": 3.943174345197274e-8,
              "sd": 0.00019857427691413794,
              "sem": 3.220105533060439e-7,
              "df": 380281,
              "critical": 1.96,
              "moe": 6.31140684479846e-7,
              "p75": 0.0013230000000703512,
              "p99": 0.0020479999999452048,
              "p995": 0.0021799999999529973,
              "p999": 0.0022939999998925487
            },
            {
              "id": "-524832507_0_1",
              "sampleCount": 370627,
              "name": "is-plain-obj: `isPlainObj(v)`",
              "rank": 2,
              "rme": 0.12217542173156652,
              "totalTime": 500.00054699995644,
              "min": 0.0012659999999868887,
              "max": 0.2607989999999063,
              "hz": 741253.1890690757,
              "period": 0.001349066708577509,
              "mean": 0.001349066708577509,
              "variance": 2.620954342721846e-7,
              "sd": 0.0005119525703345815,
              "sem": 8.409326227779262e-7,
              "df": 370626,
              "critical": 1.96,
              "moe": 0.0000016482279406447353,
              "p75": 0.0013630000000830478,
              "p99": 0.001393000000007305,
              "p995": 0.0014099999998506973,
              "p999": 0.0023150000001805893
            },
            {
              "id": "-524832507_0_2",
              "sampleCount": 277797,
              "name": "@sindresorhus/is: `is.plainObject(v)`",
              "rank": 3,
              "rme": 0.04829810718119766,
              "totalTime": 500.00021799998876,
              "min": 0.0017000000002553861,
              "max": 0.02355600000009872,
              "hz": 555593.7577611341,
              "period": 0.0017998762333646108,
              "mean": 0.0017998762333646108,
              "variance": 5.464631927298549e-8,
              "sd": 0.00023376552199369668,
              "sem": 4.435235471017056e-7,
              "df": 277796,
              "critical": 1.96,
              "moe": 8.69306152319343e-7,
              "p75": 0.001829999999699794,
              "p99": 0.0018589999999676365,
              "p995": 0.0018650000001798617,
              "p999": 0.0031509999998888816
            },
            {
              "id": "-524832507_0_3",
              "sampleCount": 6471,
              "name": "lodash-es: `_.isPlainObject(v)`",
              "rank": 5,
              "rme": 0.23084117797048131,
              "totalTime": 500.0440979999953,
              "min": 0.0735939999999573,
              "max": 0.3174469999999019,
              "hz": 12940.858668029037,
              "period": 0.07727462494204841,
              "mean": 0.07727462494204841,
              "variance": 0.00005359936350798154,
              "sd": 0.007321158617867908,
              "sem": 0.00009101104820841629,
              "df": 6470,
              "critical": 1.96,
              "moe": 0.00017838165448849592,
              "p75": 0.07831399999986388,
              "p99": 0.08928299999979572,
              "p995": 0.09844299999986106,
              "p999": 0.2168669999996382
            },
            {
              "id": "-524832507_0_4",
              "sampleCount": 10879,
              "name": "zod: `z.record(z.string(), z.unknown())`",
              "rank": 4,
              "rme": 6.676918459527677,
              "totalTime": 500.0158320000155,
              "min": 0.028594000000339292,
              "max": 5.224580999999944,
              "hz": 21757.3110765014,
              "period": 0.04596156190826505,
              "mean": 0.04596156190826505,
              "variance": 0.026669724955474452,
              "sd": 0.1633086799759108,
              "sem": 0.0015657224547654034,
              "df": 10878,
              "critical": 1.96,
              "moe": 0.0030688160113401903,
              "p75": 0.030663999999887892,
              "p99": 0.11453600000004371,
              "p995": 1.6446439999999711,
              "p999": 1.8782499999997526
            },
            {
              "id": "-524832507_0_5",
              "sampleCount": 56,
              "name": "valibot: `z.record(z.string(), z.unknown())`",
              "rank": 7,
              "rme": 0.5680408034961373,
              "totalTime": 508.5873040000024,
              "min": 8.840275999999903,
              "max": 9.83488699999998,
              "hz": 110.10892242013131,
              "period": 9.081916142857185,
              "mean": 9.081916142857185,
              "variance": 0.03709282811780508,
              "sd": 0.19259498466420427,
              "sem": 0.025736587393729783,
              "df": 55,
              "critical": 2.0045,
              "moe": 0.051588989430731355,
              "p75": 9.154772999999295,
              "p99": 9.83488699999998,
              "p995": 9.83488699999998,
              "p999": 9.83488699999998
            },
            {
              "id": "-524832507_0_6",
              "sampleCount": 61,
              "name": "typebox: `Type.Record(Type.String(), Type.Unknown()) (check)`",
              "rank": 6,
              "rme": 0.8276337427253481,
              "totalTime": 500.1693860000014,
              "min": 7.324492000000646,
              "max": 8.75579099999959,
              "hz": 121.95868381276703,
              "period": 8.199498131147564,
              "mean": 8.199498131147564,
              "variance": 0.07022969192430772,
              "sd": 0.26500885253950995,
              "sem": 0.033930906633755774,
              "df": 60,
              "critical": 2,
              "moe": 0.06786181326751155,
              "p75": 8.388774000000012,
              "p99": 8.75579099999959,
              "p995": 8.75579099999959,
              "p999": 8.75579099999959
            }
          ]
        }
      ]
    }
  ]
}
