{
  "files": [
    {
      "filepath": "/home/sebastien/github/httpx/packages/assert/bench/comparative.bench.ts",
      "groups": [
        {
          "fullName": "bench/comparative.bench.ts > Compare calling 100x isPlainObject with mixed types values",
          "benchmarks": [
            {
              "id": "-524832507_0_0",
              "sampleCount": 812367,
              "name": "@httpx/assert: `isPlainObject(v)`",
              "rank": 1,
              "rme": 2.203949040218606,
              "totalTime": 500.00045399998305,
              "min": 0.0005240000000412692,
              "max": 3.0035480000000234,
              "hz": 1624732.5247429227,
              "period": 0.0006154859244651531,
              "mean": 0.0006154859244651531,
              "variance": 0.000038911634912777234,
              "sd": 0.006237919117203848,
              "sem": 0.00000692091639027059,
              "df": 812366,
              "critical": 1.96,
              "moe": 0.000013564996124930357,
              "p75": 0.0005940000000919099,
              "p99": 0.0008100000000013097,
              "p995": 0.0009820000000217988,
              "p999": 0.0020010000000638684
            },
            {
              "id": "-524832507_0_1",
              "sampleCount": 784233,
              "name": "is-plain-obj: `isPlainObj(v)`",
              "rank": 2,
              "rme": 1.2740552202739805,
              "totalTime": 500.0005760000163,
              "min": 0.0005329999999048596,
              "max": 2.809881000000132,
              "hz": 1568464.1931291984,
              "period": 0.0006375663559172036,
              "mean": 0.0006375663559172036,
              "variance": 0.000013469772376661465,
              "sd": 0.0036701188504817475,
              "sem": 0.000004144360938915163,
              "df": 784232,
              "critical": 1.96,
              "moe": 0.00000812294744027372,
              "p75": 0.0006320000002233428,
              "p99": 0.0010790000001179578,
              "p995": 0.001312999999981912,
              "p999": 0.0018150000000787259
            },
            {
              "id": "-524832507_0_2",
              "sampleCount": 494555,
              "name": "@sindresorhus/is: `is.plainObject(v)`",
              "rank": 3,
              "rme": 2.343448452441176,
              "totalTime": 500.00016499993853,
              "min": 0.0008820000002742745,
              "max": 5.667558999999983,
              "hz": 989109.6735939294,
              "period": 0.0010110102314200412,
              "mean": 0.0010110102314200412,
              "variance": 0.00007226439409398379,
              "sd": 0.008500846669243235,
              "sem": 0.000012088012052160668,
              "df": 494554,
              "critical": 1.96,
              "moe": 0.000023692503622234908,
              "p75": 0.000980000000254222,
              "p99": 0.001265000000330474,
              "p995": 0.0016279999999824213,
              "p999": 0.006432000000131666
            },
            {
              "id": "-524832507_0_3",
              "sampleCount": 11743,
              "name": "lodash-es: `_.isPlainObject(v)`",
              "rank": 6,
              "rme": 3.6148140317388466,
              "totalTime": 500.0362389999941,
              "min": 0.03540500000008251,
              "max": 8.692164999999932,
              "hz": 23484.297905056716,
              "period": 0.042581643447159506,
              "mean": 0.042581643447159506,
              "variance": 0.0072424194758437645,
              "sd": 0.08510240581701416,
              "sem": 0.000785330215445371,
              "df": 11742,
              "critical": 1.96,
              "moe": 0.001539247222272927,
              "p75": 0.04226299999982075,
              "p99": 0.09847000000036132,
              "p995": 0.13475500000004104,
              "p999": 0.2691829999998845
            },
            {
              "id": "-524832507_0_4",
              "sampleCount": 6501,
              "name": "zod: `z.record(z.string(), z.unknown())`",
              "rank": 7,
              "rme": 8.020408258651868,
              "totalTime": 500.000693999968,
              "min": 0.04311299999972107,
              "max": 6.672601999999642,
              "hz": 13001.981953249882,
              "period": 0.07691135117673711,
              "mean": 0.07691135117673711,
              "variance": 0.06439347412172887,
              "sd": 0.25375869270180457,
              "sem": 0.0031472471232753896,
              "df": 6500,
              "critical": 1.96,
              "moe": 0.006168604361619764,
              "p75": 0.050643000000491156,
              "p99": 1.296371000000363,
              "p995": 2.4250080000001617,
              "p999": 3.3168500000001586
            },
            {
              "id": "-524832507_0_5",
              "sampleCount": 107931,
              "name": "valibot: `z.record(z.string(), z.unknown())`",
              "rank": 4,
              "rme": 2.9149280652578953,
              "totalTime": 500.00403600002846,
              "min": 0.0028490000004239846,
              "max": 6.564311000000089,
              "hz": 215860.25757598857,
              "period": 0.004632626733746824,
              "mean": 0.004632626733746824,
              "variance": 0.0005123235972911128,
              "sd": 0.02263456642595817,
              "sem": 0.00006889680450031955,
              "df": 107930,
              "critical": 1.96,
              "moe": 0.0001350377368206263,
              "p75": 0.004304000000047381,
              "p99": 0.014407000000574044,
              "p995": 0.025368999999955122,
              "p999": 0.14829499999996187
            },
            {
              "id": "-524832507_0_6",
              "sampleCount": 32355,
              "name": "typebox: `Type.Record(Type.String(), Type.Unknown()) (check)`",
              "rank": 5,
              "rme": 1.342109132222447,
              "totalTime": 500.0000769999833,
              "min": 0.012783000000126776,
              "max": 2.164552000000185,
              "hz": 64709.99003466369,
              "period": 0.015453564425899655,
              "mean": 0.015453564425899655,
              "variance": 0.0003622949316785586,
              "sd": 0.019034046644856122,
              "sem": 0.00010581821398667278,
              "df": 32354,
              "critical": 1.96,
              "moe": 0.00020740369941387864,
              "p75": 0.014243999999962398,
              "p99": 0.0363229999993564,
              "p995": 0.06260099999963131,
              "p999": 0.2112200000001394
            }
          ]
        }
      ]
    }
  ]
}
