{
  "files": [
    {
      "filepath": "/home/sebastien/github/httpx/packages/memo-intl/bench/m-intl.bench.ts",
      "groups": [
        {
          "fullName": "bench/m-intl.bench.ts > MIntl benchmarks",
          "benchmarks": [
            {
              "id": "1872149551_0_0",
              "sampleCount": 10,
              "median": 9.72025450000001,
              "name": "With memoization `MIntl.NumberFormatter()`",
              "rank": 1,
              "rme": 11.602228052745799,
              "totalTime": 101.58888100000001,
              "min": 9.041926999999987,
              "max": 14.741196000000002,
              "hz": 98.43596958214351,
              "period": 10.158888100000002,
              "mean": 10.158888100000002,
              "variance": 2.7151257426429996,
              "sd": 1.6477638613111405,
              "sem": 0.5210686847857007,
              "df": 9,
              "critical": 2.262,
              "moe": 1.178657364985255,
              "p75": 10.139380000000017,
              "p99": 14.741196000000002,
              "p995": 14.741196000000002,
              "p999": 14.741196000000002
            },
            {
              "id": "1872149551_0_1",
              "sampleCount": 10,
              "median": 202.72899949999987,
              "name": "Without memoization `new Intl.NumberFormatter()`",
              "rank": 2,
              "rme": 1.7019327182850892,
              "totalTime": 2042.3285039999998,
              "min": 196.02370400000018,
              "max": 212.75022400000034,
              "hz": 4.89637195016106,
              "period": 204.2328504,
              "mean": 204.2328504,
              "variance": 23.612978452832756,
              "sd": 4.859318723116725,
              "sem": 1.5366515041749953,
              "df": 9,
              "critical": 2.262,
              "moe": 3.4759057024438396,
              "p75": 207.07791399999996,
              "p99": 212.75022400000034,
              "p995": 212.75022400000034,
              "p999": 212.75022400000034
            }
          ]
        }
      ]
    }
  ]
}
