{
  "files": [
    {
      "filepath": "/home/sebastien/github/httpx/packages/memo-intl/bench/m-intl.bench.ts",
      "groups": [
        {
          "fullName": "bench/m-intl.bench.ts > MIntl benchmarks",
          "benchmarks": [
            {
              "id": "1872149551_0_0",
              "sampleCount": 10,
              "median": 24.29699449997861,
              "name": "With memoization `MIntl.NumberFormatter()`",
              "rank": 1,
              "rme": 9.215944049905913,
              "totalTime": 247.0332889999263,
              "min": 20.989825999829918,
              "max": 30.585250000003725,
              "hz": 40.48037428673422,
              "period": 24.70332889999263,
              "mean": 24.70332889999263,
              "variance": 10.12990608475853,
              "sd": 3.18275133881969,
              "sem": 1.0064743456620506,
              "df": 9,
              "critical": 2.262,
              "moe": 2.2766449698875584,
              "p75": 26.348295000148937,
              "p99": 30.585250000003725,
              "p995": 30.585250000003725,
              "p999": 30.585250000003725
            },
            {
              "id": "1872149551_0_1",
              "sampleCount": 10,
              "median": 542.3074819999747,
              "name": "Without memoization `new Intl.NumberFormatter()`",
              "rank": 2,
              "rme": 1.7688169550981576,
              "totalTime": 5492.180486000143,
              "min": 536.1282369999681,
              "max": 573.6617590000387,
              "hz": 1.8207704618394327,
              "period": 549.2180486000143,
              "mean": 549.2180486000143,
              "variance": 184.44640095472582,
              "sd": 13.581104555768865,
              "sem": 4.294722353711888,
              "df": 9,
              "critical": 2.262,
              "moe": 9.714661964096292,
              "p75": 557.5199319999665,
              "p99": 573.6617590000387,
              "p995": 573.6617590000387,
              "p999": 573.6617590000387
            }
          ]
        }
      ]
    }
  ]
}
