{
  "files": [
    {
      "filepath": "/home/sebastien/github/httpx/packages/memo-intl/bench/m-intl.bench.ts",
      "groups": [
        {
          "fullName": "bench/m-intl.bench.ts > MIntl benchmarks",
          "benchmarks": [
            {
              "id": "1872149551_0_0",
              "sampleCount": 10,
              "name": "With memoization `MIntl.NumberFormatter()`",
              "rank": 1,
              "rme": 4.767150956511048,
              "totalTime": 84.90459300000009,
              "min": 7.979317000000009,
              "max": 9.96694500000001,
              "hz": 117.77925842009502,
              "period": 8.490459300000008,
              "mean": 8.490459300000008,
              "variance": 0.32018057247334597,
              "sd": 0.5658450074652475,
              "sem": 0.17893590262251619,
              "df": 9,
              "critical": 2.262,
              "moe": 0.40475301173213163,
              "p75": 8.600117000000012,
              "p99": 9.96694500000001,
              "p995": 9.96694500000001,
              "p999": 9.96694500000001
            },
            {
              "id": "1872149551_0_1",
              "sampleCount": 10,
              "name": "Without memoization `new Intl.NumberFormatter()`",
              "rank": 2,
              "rme": 6.947692182796776,
              "totalTime": 2120.9634369999994,
              "min": 197.81579499999998,
              "max": 267.0737409999997,
              "hz": 4.714838467062175,
              "period": 212.09634369999995,
              "mean": 212.09634369999995,
              "variance": 424.3872229544773,
              "sd": 20.600660740725704,
              "sem": 6.514500924510467,
              "df": 9,
              "critical": 2.262,
              "moe": 14.735801091242678,
              "p75": 212.47362500000008,
              "p99": 267.0737409999997,
              "p995": 267.0737409999997,
              "p999": 267.0737409999997
            }
          ]
        }
      ]
    }
  ]
}
