{
  "files": [
    {
      "filepath": "/home/sebastien/github/httpx/packages/memo-intl/bench/m-intl.bench.ts",
      "groups": [
        {
          "fullName": "bench/m-intl.bench.ts > MIntl benchmarks",
          "benchmarks": [
            {
              "id": "1872149551_0_0",
              "sampleCount": 10,
              "name": "With memoization `MIntl.NumberFormatter()`",
              "rank": 1,
              "rme": 5.224779459611993,
              "totalTime": 92.38781200000008,
              "min": 8.699537999999961,
              "max": 10.56763600000005,
              "hz": 108.23938551548326,
              "period": 9.238781200000009,
              "mean": 9.238781200000009,
              "variance": 0.455386434706864,
              "sd": 0.6748232618299876,
              "sem": 0.21339785254469268,
              "df": 9,
              "critical": 2.262,
              "moe": 0.4827059424560948,
              "p75": 9.87791500000003,
              "p99": 10.56763600000005,
              "p995": 10.56763600000005,
              "p999": 10.56763600000005
            },
            {
              "id": "1872149551_0_1",
              "sampleCount": 10,
              "name": "Without memoization `new Intl.NumberFormatter()`",
              "rank": 2,
              "rme": 1.8101902536616052,
              "totalTime": 1999.1619129999997,
              "min": 192.58037000000013,
              "max": 210.77745300000015,
              "hz": 5.002096095855344,
              "period": 199.91619129999998,
              "mean": 199.91619129999998,
              "variance": 25.59523856489042,
              "sd": 5.059173703767288,
              "sem": 1.5998511982334613,
              "df": 9,
              "critical": 2.262,
              "moe": 3.6188634104040895,
              "p75": 201.80654099999992,
              "p99": 210.77745300000015,
              "p995": 210.77745300000015,
              "p999": 210.77745300000015
            }
          ]
        }
      ]
    }
  ]
}
