{
  "files": [
    {
      "filepath": "/home/sebastien/github/httpx/packages/memo-intl/bench/m-intl.bench.ts",
      "groups": [
        {
          "fullName": "bench/m-intl.bench.ts > MIntl benchmarks",
          "benchmarks": [
            {
              "id": "1872149551_0_0",
              "sampleCount": 60,
              "name": "With memoization `MIntl.NumberFormatter()`",
              "rank": 1,
              "rme": 3.405822358752796,
              "totalTime": 505.35102799999976,
              "min": 7.347937000000002,
              "max": 13.238819999999976,
              "hz": 118.72935182789423,
              "period": 8.42251713333333,
              "mean": 8.42251713333333,
              "variance": 1.233185111152152,
              "sd": 1.1104886812354964,
              "sem": 0.14336347228589713,
              "df": 59,
              "critical": 2.0009,
              "moe": 0.28685597169685156,
              "p75": 8.768865000000005,
              "p99": 13.238819999999976,
              "p995": 13.238819999999976,
              "p999": 13.238819999999976
            },
            {
              "id": "1872149551_0_1",
              "sampleCount": 10,
              "name": "Without memoization `new Intl.NumberFormatter()`",
              "rank": 2,
              "rme": 3.9755403752837073,
              "totalTime": 2152.724466,
              "min": 199.4507980000003,
              "max": 243.86322699999982,
              "hz": 4.645276326784684,
              "period": 215.27244660000002,
              "mean": 215.27244660000002,
              "variance": 143.1475861624549,
              "sd": 11.964430039180927,
              "sem": 3.783484982954933,
              "df": 9,
              "critical": 2.262,
              "moe": 8.558243031444059,
              "p75": 219.50870600000007,
              "p99": 243.86322699999982,
              "p995": 243.86322699999982,
              "p999": 243.86322699999982
            }
          ]
        }
      ]
    }
  ]
}
