{
  "files": [
    {
      "filepath": "/home/sebastien/github/httpx/packages/memo-intl/bench/m-intl.bench.ts",
      "groups": [
        {
          "fullName": "bench/m-intl.bench.ts > MIntl benchmarks",
          "benchmarks": [
            {
              "id": "1872149551_0_0",
              "sampleCount": 10,
              "median": 19.482882500000045,
              "name": "With memoization `MIntl.NumberFormatter()`",
              "rank": 1,
              "rme": 6.2632371661464346,
              "totalTime": 200.79624500000028,
              "min": 18.98970200000008,
              "max": 24.809773000000007,
              "hz": 49.801728114985345,
              "period": 20.07962450000003,
              "mean": 20.07962450000003,
              "variance": 3.0911756747697896,
              "sd": 1.758173960326392,
              "sem": 0.5559834237429916,
              "df": 9,
              "critical": 2.262,
              "moe": 1.257634504506647,
              "p75": 19.56623300000001,
              "p99": 24.809773000000007,
              "p995": 24.809773000000007,
              "p999": 24.809773000000007
            },
            {
              "id": "1872149551_0_1",
              "sampleCount": 10,
              "median": 485.1511354999998,
              "name": "Without memoization `new Intl.NumberFormatter()`",
              "rank": 2,
              "rme": 3.9869047777780735,
              "totalTime": 4839.795422999999,
              "min": 449.28506500000003,
              "max": 532.0106689999993,
              "hz": 2.066203036698066,
              "period": 483.9795422999999,
              "mean": 483.9795422999999,
              "variance": 727.6801601482116,
              "sd": 26.9755474485359,
              "sem": 8.530417106731718,
              "df": 9,
              "critical": 2.262,
              "moe": 19.295803495427148,
              "p75": 496.19041500000003,
              "p99": 532.0106689999993,
              "p995": 532.0106689999993,
              "p999": 532.0106689999993
            }
          ]
        }
      ]
    }
  ]
}
