{
  "files": [
    {
      "filepath": "/home/sebastien/github/httpx/packages/treeu/bench/mapper.bench.ts",
      "groups": [
        {
          "fullName": "bench/mapper.bench.ts > Bench mapper",
          "benchmarks": [
            {
              "id": "-437365205_0_0",
              "sampleCount": 1076,
              "median": 0.45387049950659275,
              "name": "FlatTreeWsMapper.toTreeNodes",
              "rank": 1,
              "rme": 0.534136939392515,
              "totalTime": 500.20277210325,
              "min": 0.4495540000498295,
              "max": 1.0195179991424084,
              "hz": 2151.12762265519,
              "period": 0.4648724647799721,
              "mean": 0.4648724647799721,
              "variance": 0.00172692311100175,
              "sd": 0.04155626440143231,
              "sem": 0.0012668650793134137,
              "df": 1075,
              "critical": 1.96,
              "moe": 0.0024830555554542907,
              "p75": 0.45625799894332886,
              "p99": 0.6454720012843609,
              "p995": 0.6650310009717941,
              "p999": 0.7662860006093979
            }
          ]
        }
      ]
    },
    {
      "filepath": "/home/sebastien/github/httpx/packages/treeu/bench/search.bench.ts",
      "groups": [
        {
          "fullName": "bench/search.bench.ts > Bench search",
          "benchmarks": [
            {
              "id": "-375909724_0_0",
              "sampleCount": 17420,
              "median": 0.027803000062704086,
              "name": "TreeSearch findBy",
              "rank": 1,
              "rme": 0.30021449678890944,
              "totalTime": 500.0085702165961,
              "min": 0.02733299881219864,
              "max": 0.22525500133633614,
              "hz": 34839.4028375432,
              "period": 0.028703132618633533,
              "mean": 0.028703132618633533,
              "variance": 0.000033671147907828356,
              "sd": 0.0058026845431945,
              "sem": 0.000043964778139634685,
              "df": 17419,
              "critical": 1.96,
              "moe": 0.00008617096515368398,
              "p75": 0.0280659981071949,
              "p99": 0.054322000592947006,
              "p995": 0.05493200197815895,
              "p999": 0.09655799716711044
            }
          ]
        }
      ]
    }
  ]
}
