{
  "files": [
    {
      "filepath": "/home/sebastien/github/httpx/packages/treeu/bench/parsers.bench.ts",
      "groups": [
        {
          "fullName": "bench/parsers.bench.ts > Bench treeify",
          "benchmarks": [
            {
              "id": "-996657802_0_0",
              "sampleCount": 448,
              "median": 1.0793290003202856,
              "name": "compiled treeify (dist files)",
              "rank": 2,
              "rme": 2.0120857752307497,
              "totalTime": 500.9289210140705,
              "min": 1.074788000434637,
              "max": 4.176191000267863,
              "hz": 894.3384604208471,
              "period": 1.118144912977836,
              "mean": 1.118144912977836,
              "variance": 0.05902758800984755,
              "sd": 0.24295593841239516,
              "sem": 0.0114785891533129,
              "df": 447,
              "critical": 1.96,
              "moe": 0.02249803474049328,
              "p75": 1.0819339994341135,
              "p99": 2.3236020002514124,
              "p995": 2.9470589999109507,
              "p999": 4.176191000267863
            },
            {
              "id": "-996657802_0_1",
              "sampleCount": 454,
              "median": 1.092681999783963,
              "name": "source treeify (local dev)",
              "rank": 1,
              "rme": 0.39709435906118634,
              "totalTime": 500.1155749950558,
              "min": 1.0886619994416833,
              "max": 1.9915680000558496,
              "hz": 907.7901643124957,
              "period": 1.101576156376775,
              "mean": 1.101576156376775,
              "variance": 0.002261310501891372,
              "sd": 0.04755323860570773,
              "sem": 0.002231784070273065,
              "df": 453,
              "critical": 1.96,
              "moe": 0.004374296777735207,
              "p75": 1.095185000449419,
              "p99": 1.1872220002114773,
              "p995": 1.2323909997940063,
              "p999": 1.9915680000558496
            }
          ]
        }
      ]
    }
  ]
}
