{
  "files": [
    {
      "filepath": "/home/sebastien/github/httpx/packages/treeu/bench/mapper.bench.ts",
      "groups": [
        {
          "fullName": "bench/mapper.bench.ts > Bench mapper",
          "benchmarks": [
            {
              "id": "-437365205_0_0",
              "sampleCount": 1061,
              "median": 0.4559460021555424,
              "name": "FlatTreeWsMapper.toTreeNodes",
              "rank": 1,
              "rme": 0.7340285167104761,
              "totalTime": 500.2020489536226,
              "min": 0.45202500000596046,
              "max": 0.9135240018367767,
              "hz": 2121.142850613099,
              "period": 0.4714439669685416,
              "mean": 0.4714439669685416,
              "variance": 0.0033074194113352825,
              "sd": 0.057510167895210344,
              "sem": 0.0017655781417654146,
              "df": 1060,
              "critical": 1.96,
              "moe": 0.0034605331578602123,
              "p75": 0.45827800035476685,
              "p99": 0.8698690012097359,
              "p995": 0.8721340000629425,
              "p999": 0.9022979997098446
            }
          ]
        }
      ]
    }
  ]
}
