{
  "files": [
    {
      "filepath": "/home/sebastien/github/httpx/packages/treeu/bench/parsers.bench.ts",
      "groups": [
        {
          "fullName": "bench/parsers.bench.ts > Bench treeify",
          "benchmarks": [
            {
              "id": "-996657802_0_0",
              "sampleCount": 452,
              "median": 1.0835729999816976,
              "name": "compiled treeify (dist files)",
              "rank": 1,
              "rme": 0.9682869012678704,
              "totalTime": 500.5789419999346,
              "min": 1.0792249999940395,
              "max": 2.1864400000777096,
              "hz": 902.9544834510019,
              "period": 1.1074755353980854,
              "mean": 1.1074755353980854,
              "variance": 0.013530152398250712,
              "sd": 0.11631918327709627,
              "sem": 0.00547119415510504,
              "df": 451,
              "critical": 1.96,
              "moe": 0.010723540544005879,
              "p75": 1.0919599999906495,
              "p99": 1.9698809999972582,
              "p995": 2.0959550000261515,
              "p999": 2.1864400000777096
            },
            {
              "id": "-996657802_0_1",
              "sampleCount": 446,
              "median": 1.0977309999871068,
              "name": "source treeify (local dev)",
              "rank": 2,
              "rme": 0.9758948282394422,
              "totalTime": 500.1616150001064,
              "min": 1.0644199999514967,
              "max": 2.16301499994006,
              "hz": 891.7117720037454,
              "period": 1.121438598654947,
              "mean": 1.121438598654947,
              "variance": 0.01390528033529185,
              "sd": 0.11792065270889511,
              "sem": 0.005583704737833931,
              "df": 445,
              "critical": 1.96,
              "moe": 0.010944061286154504,
              "p75": 1.103181999991648,
              "p99": 1.8007890000008047,
              "p995": 2.094991000019945,
              "p999": 2.16301499994006
            }
          ]
        }
      ]
    }
  ]
}
