{
  "files": [
    {
      "filepath": "/home/sebastien/github/httpx/packages/treeu/bench/parsers.bench.ts",
      "groups": [
        {
          "fullName": "bench/parsers.bench.ts > Bench treeify",
          "benchmarks": [
            {
              "id": "-996657802_0_0",
              "sampleCount": 450,
              "median": 1.0870975004509091,
              "name": "compiled treeify (dist files)",
              "rank": 1,
              "rme": 1.4266873340345128,
              "totalTime": 501.03260398842394,
              "min": 1.0542150000110269,
              "max": 4.167334999889135,
              "hz": 898.1451434853069,
              "period": 1.1134057866409421,
              "mean": 1.1134057866409421,
              "variance": 0.02955731163555101,
              "sd": 0.17192240004010825,
              "sem": 0.008104499660415128,
              "df": 449,
              "critical": 1.96,
              "moe": 0.01588481933441365,
              "p75": 1.0920299999415874,
              "p99": 1.6308949999511242,
              "p995": 2.1844840003177524,
              "p999": 4.167334999889135
            },
            {
              "id": "-996657802_0_1",
              "sampleCount": 444,
              "median": 1.087782499846071,
              "name": "source treeify (local dev)",
              "rank": 2,
              "rme": 1.6764119927321224,
              "totalTime": 500.3488640040159,
              "min": 1.054028999991715,
              "max": 2.563012999482453,
              "hz": 887.3808495274935,
              "period": 1.1269118558649007,
              "mean": 1.1269118558649007,
              "variance": 0.04124888764185839,
              "sd": 0.20309822166099434,
              "sem": 0.009638615050632309,
              "df": 443,
              "critical": 1.96,
              "moe": 0.018891685499239325,
              "p75": 1.0943959997966886,
              "p99": 2.3912000004202127,
              "p995": 2.4425590001046658,
              "p999": 2.563012999482453
            }
          ]
        }
      ]
    }
  ]
}
