{
  "files": [
    {
      "filepath": "/home/sebastien/github/httpx/packages/treeu/bench/mapper.bench.ts",
      "groups": [
        {
          "fullName": "bench/mapper.bench.ts > Bench mapper",
          "benchmarks": [
            {
              "id": "-437365205_0_0",
              "sampleCount": 1061,
              "median": 0.4589900001883507,
              "name": "FlatTreeWsMapper.toTreeNodes",
              "rank": 1,
              "rme": 0.603067463238834,
              "totalTime": 500.09750205278397,
              "min": 0.45187899842858315,
              "max": 1.0511359982192516,
              "hz": 2121.5862819647004,
              "period": 0.4713454307754797,
              "mean": 0.4713454307754797,
              "variance": 0.002231586060566632,
              "sd": 0.04723966617755286,
              "sem": 0.0014502708839131833,
              "df": 1060,
              "critical": 1.96,
              "moe": 0.0028425309324698394,
              "p75": 0.46107500046491623,
              "p99": 0.6676229983568192,
              "p995": 0.7244359999895096,
              "p999": 0.9276040010154247
            }
          ]
        }
      ]
    },
    {
      "filepath": "/home/sebastien/github/httpx/packages/treeu/bench/search.bench.ts",
      "groups": [
        {
          "fullName": "bench/search.bench.ts > Bench search",
          "benchmarks": [
            {
              "id": "-375909724_0_0",
              "sampleCount": 17550,
              "median": 0.028338000178337097,
              "name": "TreeSearch findBy",
              "rank": 1,
              "rme": 0.20438842058532308,
              "totalTime": 500.0153420716524,
              "min": 0.027375001460313797,
              "max": 0.21453900262713432,
              "hz": 35098.923019616224,
              "period": 0.028490902682145436,
              "mean": 0.028490902682145436,
              "variance": 0.000015491375175594802,
              "sd": 0.003935908430793938,
              "sem": 0.000029710258164560468,
              "df": 17549,
              "critical": 1.96,
              "moe": 0.000058232106002538514,
              "p75": 0.0285319983959198,
              "p99": 0.03117400035262108,
              "p995": 0.03262600302696228,
              "p999": 0.09887200221419334
            }
          ]
        }
      ]
    }
  ]
}
