{
  "files": [
    {
      "filepath": "/home/sebastien/github/httpx/packages/treeu/bench/parsers.bench.ts",
      "groups": [
        {
          "fullName": "bench/parsers.bench.ts > Bench treeify",
          "benchmarks": [
            {
              "id": "-996657802_0_0",
              "sampleCount": 450,
              "median": 1.0919949999079108,
              "name": "treeify",
              "rank": 1,
              "rme": 0.9726197051314098,
              "totalTime": 500.44643600145355,
              "min": 1.0878710001707077,
              "max": 2.3377950000576675,
              "hz": 899.197132055693,
              "period": 1.1121031911143413,
              "mean": 1.1121031911143413,
              "variance": 0.01370492531063741,
              "sd": 0.11706803710081334,
              "sem": 0.005518640192945563,
              "df": 449,
              "critical": 1.96,
              "moe": 0.010816534778173304,
              "p75": 1.0958920000120997,
              "p99": 1.3527369999792427,
              "p995": 2.2951400000602007,
              "p999": 2.3377950000576675
            }
          ]
        }
      ]
    }
  ]
}
